{
  "widgets": {
    "rect1": {
      "x": 43.2,
      "y": 182.12598425196853
    },
    "rect448": {
      "x": 22.122931,
      "y": 31.1495045
    },
    "rect2241": {
      "x": 35.344946,
      "y": 158.4250345
    },
    "rect1463": {
      "x": 48.400039,
      "y": 348.50115550000004
    },
    "rect2657": {
      "x": 208.829485,
      "y": 151.250121
    },
    "rect384": {
      "x": 76.303079,
      "y": 35.5177015
    },
    "rect2657-5": {
      "x": 208.829485,
      "y": 151.250121
    },
    "rect2657-5-5": {
      "x": 208.829485,
      "y": 151.250121
    },
    "rect2657-5-58": {
      "x": 208.829485,
      "y": 151.250121
    },
    "rect2657-5-2": {
      "x": 208.829485,
      "y": 151.250121
    },
    "rect2657-5-2-9": {
      "x": 208.829485,
      "y": 151.250121
    },
    "rect2657-5-2-3": {
      "x": 208.829485,
      "y": 151.250121
    },
    "rect2657-5-2-3-1": {
      "x": 208.829485,
      "y": 151.250121
    },
    "rect2657-5-2-3-2": {
      "x": 208.829485,
      "y": 151.250121
    },
    "rect2657-5-4": {
      "x": 208.829485,
      "y": 151.250121
    },
    "rect2241-5": {
      "x": 35.344946,
      "y": 158.4250345
    },
    "rect448-2": {
      "x": 22.122931,
      "y": 31.1495045
    },
    "rect2": {
      "x": 43.2000024,
      "y": -321.05854400000004
    },
    "rect925": {
      "x": 43.1985835,
      "y": 113.330457
    }
  }
}