{
  "widgets": {
    "rect1": {
      "x": 259.2,
      "y": 182.12598425196853
    },
    "rect2": {
      "x": 404.52560000000005,
      "y": -316.796902
    }
  }
}