{
  "widgets": {
    "rect1322": {
      "x": 287.129545,
      "y": -1.856155000000001
    },
    "rect509": {
      "x": 75.0,
      "y": 167.321424
    },
    "rect509-3": {
      "x": 75.0,
      "y": 167.321424
    },
    "rect509-3-7": {
      "x": 75.0,
      "y": 167.321424
    },
    "rect509-3-7-5": {
      "x": 75.0,
      "y": 167.321424
    },
    "rect509-5": {
      "x": 75.0,
      "y": 167.321424
    },
    "rect509-5-6": {
      "x": 75.0,
      "y": 167.321424
    },
    "rect509-5-6-1": {
      "x": 75.0,
      "y": 167.321424
    },
    "rect350": {
      "x": 110.51295400000001,
      "y": 111.419624
    },
    "rect2": {
      "x": 141.2341575,
      "y": -163.31576
    },
    "rect4": {
      "x": 110.433579,
      "y": 78.8204035
    },
    "rect4-0": {
      "x": 77.8834675,
      "y": 78.833095
    },
    "rect4-0-6": {
      "x": 82.92854840000001,
      "y": 78.833015
    }
  }
}