{
  "widgets": {
    "rect1322": {
      "x": 287.1295,
      "y": -1.8561499999999995
    },
    "rect509": {
      "x": 75.00005,
      "y": 167.32139999999998
    },
    "rect509-3": {
      "x": 75.00005,
      "y": 167.32139999999998
    },
    "rect509-3-7": {
      "x": 75.00005,
      "y": 167.32139999999998
    },
    "rect509-3-7-5": {
      "x": 75.00005,
      "y": 167.32139999999998
    },
    "rect509-5": {
      "x": 75.00005,
      "y": 167.32139999999998
    },
    "rect509-5-6": {
      "x": 75.00005,
      "y": 167.32139999999998
    },
    "rect509-5-6-1": {
      "x": 75.00005,
      "y": 167.32139999999998
    },
    "rect350": {
      "x": 45.71999926758,
      "y": 64.2500014404
    },
    "rect2": {
      "x": 76.44120000000001,
      "y": -116.14620000000001
    },
    "rect4": {
      "x": 45.640550000000005,
      "y": 31.650850000000002
    },
    "screen-inner-bend": {
      "x": 13.090449999999999,
      "y": 31.6635
    },
    "rect4-0-6": {
      "x": 18.1355,
      "y": 31.663400000000003
    },
    "pitch_knob": {
      "x": 12.9263,
      "y": 69.4836
    },
    "length_knob": {
      "x": 35.0491,
      "y": 69.4836
    },
    "quota_knob": {
      "x": 57.1857,
      "y": 69.4836
    },
    "spawn_knob": {
      "x": 78.5164,
      "y": 69.4836
    },
    "pitch_input": {
      "x": 12.9999,
      "y": 96.6047
    },
    "position_input": {
      "x": 13.0905,
      "y": 16.8939
    },
    "left_output": {
      "x": 135.4018,
      "y": 163.3896
    },
    "right_output": {
      "x": 147.0435,
      "y": 163.3896
    },
    "purge_input": {
      "x": 76.2683,
      "y": 163.3897
    },
    "jitter_input": {
      "x": 101.4718,
      "y": 163.3897
    },
    "length_input": {
      "x": 35.0782,
      "y": 96.6047
    },
    "quota_input": {
      "x": 57.1565,
      "y": 96.6047
    },
    "spawn_input": {
      "x": 78.5986,
      "y": 96.6047
    },
    "length_attn_knob": {
      "x": 35.0081,
      "y": 84.9881
    },
    "position_attn_knob": {
      "x": 13.0209,
      "y": 28.4795
    },
    "quota_attn_knob": {
      "x": 57.0707,
      "y": 84.9881
    },
    "spawn_attn_knob": {
      "x": 78.5164,
      "y": 84.9881
    },
    "trim_knob": {
      "x": 55.1347,
      "y": 116.1335
    },
    "position_knob": {
      "x": 12.9886,
      "y": 44.05
    },
    "purge_button": {
      "x": 89.2588,
      "y": 158.8918
    },
    "jitter_button": {
      "x": 89.2588,
      "y": 167.8877
    }
  }
}