{
  "widgets": {
    "rect1": {
      "x": 280.79999,
      "y": 182.12599
    },
    "rect8528": {
      "x": 86.3168795,
      "y": 161.785471
    },
    "rect472": {
      "x": 16.689667,
      "y": 154.69235450000002
    },
    "rect10300": {
      "x": 101.847549,
      "y": 33.043857
    },
    "rect3508": {
      "x": 426.103476,
      "y": 361.5647165
    },
    "rect1195": {
      "x": 462.955741,
      "y": 334.9668555
    },
    "rect1105": {
      "x": 469.63163499999996,
      "y": 352.777877
    },
    "rect10300-4": {
      "x": 101.847549,
      "y": 33.043857
    },
    "rect10300-8": {
      "x": 101.847549,
      "y": 33.043857
    },
    "rect10300-4-8": {
      "x": 101.847549,
      "y": 33.043857
    },
    "rect472-3": {
      "x": 16.689667,
      "y": 154.69235450000002
    },
    "rect12825": {
      "x": 70.6034858,
      "y": 62.301213000000004
    },
    "rect12825-2": {
      "x": 70.6034858,
      "y": 227.577776
    },
    "rect2341": {
      "x": 215.540373075,
      "y": 26.238917999999998
    },
    "rect2341-3": {
      "x": 279.40698307499997,
      "y": 26.238917999999998
    },
    "rect2341-3-8": {
      "x": 343.273593075,
      "y": 26.238917999999998
    },
    "rect2341-3-8-6": {
      "x": 407.140163075,
      "y": 26.238917999999998
    },
    "rect2341-3-8-6-2": {
      "x": 471.006773075,
      "y": 26.238917999999998
    }
  }
}