{
  "widgets": {
    "rect1": {
      "x": 43.2,
      "y": 182.12598425196853
    },
    "rect2": {
      "x": 42.7572681,
      "y": -297.04019
    },
    "rect2241": {
      "x": 35.3449455,
      "y": 158.425044
    },
    "rect1463": {
      "x": 48.4000386,
      "y": 348.501146
    },
    "rect2657": {
      "x": 208.82948,
      "y": 151.25012
    },
    "rect384": {
      "x": 76.30308,
      "y": 35.517701
    },
    "rect2657-5": {
      "x": 208.829485,
      "y": 151.250121
    },
    "rect2657-5-5": {
      "x": 208.829485,
      "y": 151.250121
    },
    "rect2657-5-58": {
      "x": 208.829485,
      "y": 151.250121
    },
    "rect2657-5-2": {
      "x": 208.829485,
      "y": 151.250121
    },
    "rect2657-5-2-9": {
      "x": 208.829485,
      "y": 151.250121
    },
    "rect2657-5-2-3": {
      "x": 208.829485,
      "y": 151.250121
    },
    "rect2657-5-2-3-1": {
      "x": 208.829485,
      "y": 151.250121
    },
    "rect2657-5-2-3-2": {
      "x": 208.829485,
      "y": 151.250121
    },
    "rect2657-5-4": {
      "x": 208.829485,
      "y": 151.250121
    },
    "rect2241-5": {
      "x": 35.344946,
      "y": 158.4250345
    },
    "rect1-9": {
      "x": 48.09375,
      "y": 121.4375
    },
    "rect1-9-1": {
      "x": 48.09375,
      "y": 121.4375
    },
    "rect1-9-1-0": {
      "x": 48.09375,
      "y": 121.4375
    },
    "rect2-5-9-1": {
      "x": 159.33424,
      "y": 113.96294
    },
    "rect2-5-9-1-8": {
      "x": 159.33424,
      "y": 113.96294
    },
    "rect2-5-9-1-8-7": {
      "x": 159.33424,
      "y": 113.96294
    },
    "rect2-5-9-1-2": {
      "x": 159.33424,
      "y": 113.96294
    },
    "rect2-5-9-1-6": {
      "x": 159.33424,
      "y": 113.96294
    },
    "rect2-5-9-1-2-2": {
      "x": 159.33424,
      "y": 113.96294
    },
    "rect2-5-9-1-2-27": {
      "x": 159.33424,
      "y": 113.96294
    },
    "z_output": {
      "x": 43.200001,
      "y": 334.99762
    },
    "alpha_input": {
      "x": 25.581697,
      "y": 124.24937
    },
    "alpha_knob": {
      "x": 63.917446,
      "y": 124.24904
    },
    "beta_input": {
      "x": 25.582279,
      "y": 160.52812
    },
    "x_input": {
      "x": 25.582281,
      "y": 61.767181
    },
    "y_input": {
      "x": 63.847164,
      "y": 62.333183
    },
    "beta_knob": {
      "x": 63.917446,
      "y": 160.52812
    },
    "gamma_input": {
      "x": 25.582281,
      "y": 195.76256
    },
    "gamma_knob": {
      "x": 63.917446,
      "y": 195.76256
    },
    "x_output": {
      "x": 43.200001,
      "y": 274.3801
    },
    "y_output": {
      "x": 43.200001,
      "y": 304.68884
    }
  }
}