{
  "widgets": {
    "rect1": {
      "x": 71.120005,
      "y": 64.25
    },
    "rect7150": {
      "x": -176.25,
      "y": -117.25
    },
    "rect7140": {
      "x": -91.875,
      "y": 369.25
    },
    "rect2601": {
      "x": 73.6875,
      "y": 149.9375
    },
    "rect2512": {
      "x": 444.53125,
      "y": 1.15625
    },
    "rect2454": {
      "x": 404.6875,
      "y": -14.875
    },
    "rect993": {
      "x": 136.02696450000002,
      "y": 55.96278995
    },
    "rect2601-5": {
      "x": 73.6875,
      "y": 149.9375
    },
    "rect2601-5-3": {
      "x": 73.6875,
      "y": 149.9375
    },
    "rect2601-5-3-7": {
      "x": 73.6875,
      "y": 149.9375
    },
    "rect2601-5-3-7-7": {
      "x": 73.6875,
      "y": 149.9375
    },
    "rect2601-5-3-7-7-5": {
      "x": 73.6875,
      "y": 149.9375
    },
    "rect2601-5-3-7-7-5-1": {
      "x": 73.6875,
      "y": 149.9375
    },
    "rect2601-5-4": {
      "x": 73.6875,
      "y": 149.9375
    },
    "rect7140-4": {
      "x": -91.875,
      "y": 369.25
    },
    "rect2-5-9": {
      "x": 159.33424,
      "y": 113.96294
    },
    "rect2-5-9-7": {
      "x": 159.33424,
      "y": 113.96294
    },
    "rect2": {
      "x": 142.471609,
      "y": -157.93541850000003
    },
    "rect2-7": {
      "x": 74.3034635,
      "y": -157.99820849999998
    }
  }
}