{
  "widgets": {
    "rect1": {
      "x": 71.120005,
      "y": 64.25
    },
    "rect7150": {
      "x": -176.25,
      "y": -117.25
    },
    "rect7140": {
      "x": -91.875,
      "y": 369.25
    },
    "rect2601": {
      "x": 73.6875,
      "y": 149.9375
    },
    "rect2512": {
      "x": 444.53125,
      "y": 1.15625
    },
    "rect2454": {
      "x": 404.6875,
      "y": -14.875
    },
    "rect993": {
      "x": 136.02696450000002,
      "y": 55.96278995
    },
    "rect2601-5": {
      "x": 73.6875,
      "y": 149.9375
    },
    "rect2601-5-3": {
      "x": 73.6875,
      "y": 149.9375
    },
    "rect2601-5-3-7": {
      "x": 73.6875,
      "y": 149.9375
    },
    "rect2601-5-3-7-7": {
      "x": 73.6875,
      "y": 149.9375
    },
    "rect2601-5-3-7-7-5": {
      "x": 73.6875,
      "y": 149.9375
    },
    "rect2601-5-3-7-7-5-1": {
      "x": 73.6875,
      "y": 149.9375
    },
    "rect2601-5-4": {
      "x": 73.6875,
      "y": 149.9375
    },
    "rect7140-4": {
      "x": -91.875,
      "y": 369.25
    },
    "rect2-5-9": {
      "x": 159.33424,
      "y": 113.96294
    },
    "rect2-5-9-7": {
      "x": 159.33424,
      "y": 113.96294
    },
    "rect2": {
      "x": 142.471609,
      "y": -157.93541850000003
    },
    "rect2-7": {
      "x": 74.3034635,
      "y": -157.99820849999998
    },
    "mix_output_left": {
      "x": 74.334663,
      "y": 152.5117
    },
    "mix_output_right": {
      "x": 74.334663,
      "y": 164.28732
    },
    "left_output_1": {
      "x": 89.727188,
      "y": 154.76062
    },
    "right_output_1": {
      "x": 89.727188,
      "y": 166.53624
    },
    "left_output_2": {
      "x": 89.727188,
      "y": 154.76062
    },
    "right_output_2": {
      "x": 89.727188,
      "y": 166.53624
    },
    "left_output_3": {
      "x": 89.727188,
      "y": 154.76062
    },
    "right_output_3": {
      "x": 89.727188,
      "y": 166.53624
    },
    "left_output_4": {
      "x": 89.727188,
      "y": 154.76062
    },
    "right_output_4": {
      "x": 89.727188,
      "y": 166.53624
    },
    "left_output_5": {
      "x": 89.727188,
      "y": 154.76062
    },
    "right_output_5": {
      "x": 89.727188,
      "y": 166.53624
    },
    "left_output_6": {
      "x": 89.727188,
      "y": 154.76062
    },
    "right_output_6": {
      "x": 89.727188,
      "y": 166.53624
    },
    "left_output_7": {
      "x": 89.727188,
      "y": 154.76062
    },
    "right_output_7": {
      "x": 89.727188,
      "y": 166.53624
    },
    "left_output_8": {
      "x": 89.727188,
      "y": 154.76062
    },
    "right_output_8": {
      "x": 89.727188,
      "y": 166.53624
    },
    "pos_input_1": {
      "x": 89.647919,
      "y": 101.34306
    },
    "trig_input_1": {
      "x": 89.647919,
      "y": 116.08796
    },
    "mute_button_1": {
      "x": 89.64791535,
      "y": 130.70320935
    },
    "volume_knob_1": {
      "x": 89.647919,
      "y": 66.955452
    },
    "pan_knob_1": {
      "x": 89.647919,
      "y": 84.657181
    },
    "trig_input_2": {
      "x": 104.73554,
      "y": 116.08796
    },
    "pos_input_2": {
      "x": 104.59924,
      "y": 101.34296
    },
    "mute_button_2": {
      "x": 104.73554935,
      "y": 130.70320935
    },
    "volume_knob_2": {
      "x": 104.59924,
      "y": 66.955452
    },
    "pan_knob_2": {
      "x": 104.59924,
      "y": 84.657181
    },
    "trig_input_3": {
      "x": 119.82314,
      "y": 116.08796
    },
    "pos_input_3": {
      "x": 119.82314,
      "y": 101.34296
    },
    "mute_button_3": {
      "x": 119.82315935,
      "y": 130.70320935
    },
    "volume_knob_3": {
      "x": 119.82314,
      "y": 67.202461
    },
    "pan_knob_3": {
      "x": 119.82314,
      "y": 84.90419
    },
    "trig_input_4": {
      "x": 134.93326,
      "y": 116.08796
    },
    "pos_input_4": {
      "x": 134.93326,
      "y": 101.34296
    },
    "mute_button_4": {
      "x": 134.93325935000001,
      "y": 130.70320935
    },
    "volume_knob_4": {
      "x": 134.93326,
      "y": 67.202461
    },
    "pan_knob_4": {
      "x": 134.93326,
      "y": 84.90419
    },
    "trig_input_5": {
      "x": 149.99835,
      "y": 116.08796
    },
    "pos_input_5": {
      "x": 149.99835,
      "y": 101.34296
    },
    "mute_button_5": {
      "x": 149.99835935000002,
      "y": 130.70320935
    },
    "volume_knob_5": {
      "x": 150.09908,
      "y": 67.599342
    },
    "pan_knob_5": {
      "x": 150.09908,
      "y": 85.301071
    },
    "trig_input_6": {
      "x": 165.08597,
      "y": 116.08807
    },
    "pos_input_6": {
      "x": 165.08597,
      "y": 101.34306
    },
    "mute_button_6": {
      "x": 165.08596935,
      "y": 130.70320935
    },
    "volume_knob_6": {
      "x": 165.08597,
      "y": 67.599342
    },
    "pan_knob_6": {
      "x": 165.08597,
      "y": 85.301071
    },
    "trig_input_7": {
      "x": 180.17352,
      "y": 116.22543
    },
    "pos_input_7": {
      "x": 180.17352,
      "y": 101.48048
    },
    "mute_button_7": {
      "x": 180.17352935,
      "y": 130.70320935
    },
    "volume_knob_7": {
      "x": 179.94173,
      "y": 66.937889
    },
    "pan_knob_7": {
      "x": 179.94173,
      "y": 84.639618
    },
    "trig_input_8": {
      "x": 195.26122,
      "y": 116.328
    },
    "pos_input_8": {
      "x": 195.26122,
      "y": 101.583
    },
    "mute_button_8": {
      "x": 195.26121935,
      "y": 130.60963935
    },
    "volume_knob_8": {
      "x": 195.26122,
      "y": 66.844345
    },
    "pan_knob_8": {
      "x": 195.26122,
      "y": 84.546074
    }
  }
}