{
  "widgets": {
    "circle2": {
      "x": 11.114449,
      "y": 11.114449
    },
    "circle9": {
      "x": 11.114449,
      "y": 11.114449
    },
    "circle16": {
      "x": 11.114449,
      "y": 11.114449
    },
    "circle18": {
      "x": 11.114449,
      "y": 11.114449
    },
    "circle20": {
      "x": 11.114449,
      "y": 11.114449
    }
  }
}