{
  "widgets": {
    "circle17": {
      "x": 12.36617,
      "y": 12.36617
    },
    "circle26": {
      "x": 12.36617,
      "y": 12.36617
    },
    "circle28": {
      "x": 12.36617,
      "y": 12.36617
    },
    "circle37": {
      "x": 12.36617,
      "y": 12.36617
    },
    "circle39": {
      "x": 12.36617,
      "y": 12.36617
    },
    "circle54": {
      "x": 12.36617,
      "y": 12.36617
    },
    "circle56": {
      "x": 12.36617,
      "y": 12.36617
    }
  }
}