{
  "widgets": {
    "rect910": {
      "x": 72.1570455,
      "y": 87.505364
    }
  }
}