{
  "widgets": {
    "rect1898": {
      "x": 3.8499455452076248,
      "y": 3.849253900184679
    },
    "rect1898-9-78-3": {
      "x": 3.84994552,
      "y": 3.88272582
    },
    "rect1898-9-78": {
      "x": 3.84994556,
      "y": 3.88271263
    },
    "rect12579": {
      "x": 3.9047497,
      "y": 6.8001249999999995
    },
    "rect12579-4": {
      "x": 3.8499456,
      "y": 0.93836037
    }
  }
}