{
  "widgets": {
    "rect2446": {
      "x": 132.06466385,
      "y": 105.51825299999999
    },
    "rect9922": {
      "x": 131.3980654,
      "y": 108.66620379999999
    },
    "rect9922-3": {
      "x": 131.3980654,
      "y": 104.65167668
    },
    "rect6174": {
      "x": 131.39806395,
      "y": 97.91001490000001
    },
    "rect6174-1": {
      "x": 131.39806395,
      "y": 111.36327990000001
    },
    "rect6174-6": {
      "x": 131.39806395,
      "y": 101.69108904999999
    },
    "rect6174-4": {
      "x": 131.4128519,
      "y": 99.48117651000001
    },
    "rect6174-4-6": {
      "x": 131.4165954,
      "y": 100.58288345
    },
    "rect6174-4-6-4": {
      "x": 131.4155473,
      "y": 102.05264745000001
    },
    "rect6174-4-6-4-4": {
      "x": 131.4155973,
      "y": 108.50100745
    },
    "rect6174-4-6-4-4-0": {
      "x": 131.4155973,
      "y": 109.73931357000001
    },
    "rect6174-4-6-4-0": {
      "x": 131.4155973,
      "y": 107.03745745
    },
    "rect6174-4-6-4-9": {
      "x": 131.41552305,
      "y": 103.6291264
    },
    "rect6174-4-6-4-9-0": {
      "x": 131.41557465,
      "y": 105.56733745
    }
  }
}