{
  "widgets": {
    "circle4": {
      "x": 3.1125584,
      "y": 3.1125584
    },
    "circle6": {
      "x": 3.1125584,
      "y": 3.1125584
    },
    "circle22": {
      "x": 3.1125584,
      "y": 3.1125584
    },
    "circle47": {
      "x": 3.1125584,
      "y": 3.1125584
    },
    "circle65": {
      "x": 3.1125584,
      "y": 3.1125584
    },
    "circle78": {
      "x": 3.1125584,
      "y": 3.1125584
    },
    "circle90": {
      "x": 3.1125584,
      "y": 3.1125584
    }
  }
}