{
  "widgets": {
    "circle4": {
      "x": 3.1125584,
      "y": 3.1125584
    },
    "circle6": {
      "x": 3.1125584,
      "y": 3.1125584
    },
    "circle14": {
      "x": 3.1125584,
      "y": 3.1125584
    },
    "circle37": {
      "x": 3.1125584,
      "y": 3.1125584
    },
    "circle51": {
      "x": 3.1125584,
      "y": 3.1125584
    },
    "circle60": {
      "x": 3.1125584,
      "y": 3.1125584
    },
    "circle66": {
      "x": 3.1125584,
      "y": 3.1125584
    }
  }
}