{
  "widgets": {
    "rect4": {
      "x": 147.564346,
      "y": 56.789514499999996
    },
    "rect3": {
      "x": 46.1387175,
      "y": 419.3143255
    },
    "rect2-5-9-1-4": {
      "x": 159.33424,
      "y": 113.96294
    },
    "rect2-5-9-1-4-8": {
      "x": 159.33424,
      "y": 113.96294
    },
    "rect2-5-9-1-4-8-6": {
      "x": 159.33424,
      "y": 113.96294
    },
    "rect2-5-9-1-4-8-6-9": {
      "x": 159.33424,
      "y": 113.96294
    },
    "rect2-5-9-1-4-8-6-9-4": {
      "x": 159.33424,
      "y": 113.96294
    },
    "rect1": {
      "x": 194.4000175,
      "y": 182.1260025
    }
  }
}