{
  "widgets": {
    "rect1322": {
      "x": 287.129545,
      "y": -1.856155000000001
    },
    "rect509": {
      "x": 75.0,
      "y": 167.321424
    },
    "rect509-3": {
      "x": 75.0,
      "y": 167.321424
    },
    "rect509-3-7": {
      "x": 75.0,
      "y": 167.321424
    },
    "rect509-3-7-5": {
      "x": 75.0,
      "y": 167.321424
    },
    "rect509-5": {
      "x": 75.0,
      "y": 167.321424
    },
    "rect509-5-6": {
      "x": 75.0,
      "y": 167.321424
    },
    "rect509-5-6-1": {
      "x": 75.0,
      "y": 167.321424
    }
  }
}