{
  "widgets": {
    "rect1": {
      "x": 21.6,
      "y": 182.26773070866142
    },
    "rect2": {
      "x": 21.6000003,
      "y": -315.331184
    }
  }
}