{
  "widgets": {
    "rect1": {
      "x": 144.0,
      "y": 182.12598425196853
    },
    "rect3": {
      "x": 204.34412400000002,
      "y": 451.664145
    },
    "rect3-9": {
      "x": 204.34412400000002,
      "y": 451.664145
    },
    "rect2": {
      "x": 240.827496,
      "y": -323.83215
    }
  }
}