{
  "widgets": {
    "rect26009": {
      "x": -9.85858035,
      "y": 102.20609845
    },
    "rect26020": {
      "x": -9.886974350000001,
      "y": 102.2011734
    }
  }
}