{
  "widgets": {
    "rect1": {
      "x": 72.0,
      "y": 182.12598425196853
    },
    "wav_input": {
      "x": 108.38612,
      "y": 93.484497
    },
    "trig_input": {
      "x": 28.970121,
      "y": 269.595
    },
    "pitch_input": {
      "x": 72.453117,
      "y": 269.595
    },
    "rect2": {
      "x": 94.28317200000001,
      "y": -329.6047925
    },
    "circle46": {
      "x": 108.36962,
      "y": 75.016998
    },
    "wav_attn_knob": {
      "x": 108.39762,
      "y": 57.882092
    },
    "wav_knob": {
      "x": 43.908604,
      "y": 75.016998
    },
    "loop_switch": {
      "x": 115.79912350000001,
      "y": 269.5950035
    },
    "left_output": {
      "x": 72.408623,
      "y": 335.9205
    },
    "right_output": {
      "x": 115.60162,
      "y": 335.9205
    }
  }
}