{
  "widgets": {
    "rect1": {
      "x": 71.99999858267716,
      "y": 182.12598425196853
    },
    "rect2": {
      "x": 94.28317200000001,
      "y": -329.6047925
    },
    "circle46": {
      "x": 108.36962,
      "y": 75.016998
    }
  }
}