{
  "widgets": {
    "rect1": {
      "x": 259.2,
      "y": 182.12598425196853
    },
    "rect2": {
      "x": 404.52529000000004,
      "y": -316.795772
    },
    "step_input": {
      "x": 40.4645,
      "y": 278.80099
    },
    "step_input_1": {
      "x": 98.806503,
      "y": 336.55945
    },
    "step_input_2": {
      "x": 134.679,
      "y": 336.55945
    },
    "step_input_3": {
      "x": 170.55099,
      "y": 336.55945
    },
    "step_input_4": {
      "x": 206.423,
      "y": 336.55945
    },
    "step_input_5": {
      "x": 242.295,
      "y": 336.55945
    },
    "step_input_6": {
      "x": 278.16751,
      "y": 336.55945
    },
    "seq1_gate_output": {
      "x": 336.14621,
      "y": 335.70428
    },
    "seq1_cv_output": {
      "x": 336.14621,
      "y": 299.28192
    },
    "seq2_gate_output": {
      "x": 365.15704,
      "y": 335.70428
    },
    "seq2_cv_output": {
      "x": 365.15704,
      "y": 299.28192
    },
    "seq3_gate_output": {
      "x": 394.16791,
      "y": 335.70428
    },
    "seq3_cv_output": {
      "x": 394.16791,
      "y": 299.28192
    },
    "seq4_gate_output": {
      "x": 423.17877,
      "y": 335.70428
    },
    "seq4_cv_output": {
      "x": 423.17877,
      "y": 299.28192
    },
    "seq5_gate_output": {
      "x": 452.18961,
      "y": 335.70428
    },
    "seq5_cv_output": {
      "x": 452.18961,
      "y": 299.28192
    },
    "seq6_gate_output": {
      "x": 481.20145,
      "y": 335.70428
    },
    "seq6_cv_output": {
      "x": 481.20145,
      "y": 299.28192
    },
    "sequencer_select_1": {
      "x": 98.806503,
      "y": 269.6145
    },
    "sequencer_select_2": {
      "x": 134.679,
      "y": 269.6145
    },
    "sequencer_select_3": {
      "x": 170.55099,
      "y": 269.6145
    },
    "sequencer_select_4": {
      "x": 206.423,
      "y": 269.6145
    },
    "sequencer_select_5": {
      "x": 242.295,
      "y": 269.6145
    },
    "reset_input": {
      "x": 40.4645,
      "y": 335.88699
    },
    "sequencer_select_6": {
      "x": 278.16751,
      "y": 269.6145
    },
    "sequencer_length_knob_1": {
      "x": 98.806503,
      "y": 302.18649
    },
    "sequencer_length_knob_2": {
      "x": 134.679,
      "y": 302.18698
    },
    "sequencer_length_knob_3": {
      "x": 170.55099,
      "y": 302.18698
    },
    "sequencer_length_knob_4": {
      "x": 206.423,
      "y": 302.18698
    },
    "sequencer_length_knob_5": {
      "x": 242.295,
      "y": 302.18698
    },
    "sequencer_length_knob_6": {
      "x": 278.16751,
      "y": 302.18698
    }
  }
}