{
  "widgets": {
    "rect25970": {
      "x": 202.50427150000002,
      "y": 34.9615828
    },
    "rect13669": {
      "x": 243.809102,
      "y": 143.165463
    },
    "rect13663": {
      "x": 216.063615,
      "y": 105.2166575
    },
    "rect2022": {
      "x": 241.78072500000002,
      "y": -25.0779285
    },
    "rect818": {
      "x": 208.9859495,
      "y": 102.135095
    },
    "rect13669-1": {
      "x": 243.809102,
      "y": 143.165463
    },
    "rect13669-1-4": {
      "x": 243.809102,
      "y": 143.165463
    },
    "rect350": {
      "x": 108.0,
      "y": 182.12599
    },
    "rect2": {
      "x": 168.57057949999998,
      "y": -329.724776
    },
    "audio_output": {
      "x": 182.96542,
      "y": 330.33179
    }
  }
}