{
  "widgets": {
    "rect25970": {
      "x": 202.50427150000002,
      "y": 34.9615828
    },
    "rect13669": {
      "x": 243.809102,
      "y": 143.165463
    },
    "rect13663": {
      "x": 216.063615,
      "y": 105.2166575
    },
    "rect2022": {
      "x": 241.78072500000002,
      "y": -25.0779285
    },
    "rect818": {
      "x": 208.9859495,
      "y": 102.135095
    },
    "rect13669-1": {
      "x": 243.809102,
      "y": 143.165463
    },
    "rect13669-1-4": {
      "x": 243.809102,
      "y": 143.165463
    },
    "rect350": {
      "x": 108.0,
      "y": 182.12599
    },
    "rect2": {
      "x": 168.57057949999998,
      "y": -329.724776
    },
    "audio_output": {
      "x": 182.96542,
      "y": 330.33179
    },
    "equation_input": {
      "x": 86.678978,
      "y": 66.73925
    },
    "pitch_input": {
      "x": 200.2198,
      "y": 69.340927
    },
    "param_knob_1": {
      "x": 46.62384,
      "y": 181.11807
    },
    "param_input_1": {
      "x": 46.62384,
      "y": 276.1554
    },
    "param_1_readout": {
      "x": 46.6238405,
      "y": 139.091127
    },
    "param_2_readout": {
      "x": 106.93055550000001,
      "y": 139.091127
    },
    "param_3_readout": {
      "x": 167.2373125,
      "y": 139.091127
    },
    "param_knob_2": {
      "x": 106.93056,
      "y": 181.11807
    },
    "param_input_2": {
      "x": 106.93056,
      "y": 275.63052
    },
    "param_knob_3": {
      "x": 167.2373,
      "y": 181.11807
    },
    "param_input_3": {
      "x": 167.2373,
      "y": 275.63052
    },
    "param_attenuator_1": {
      "x": 41.828571,
      "y": 263.73407
    },
    "param_attenuator_2": {
      "x": 41.828571,
      "y": 263.73407
    },
    "param_attenuator_3": {
      "x": 41.828571,
      "y": 263.73407
    },
    "equation_knob": {
      "x": 39.407063,
      "y": 67.623222
    },
    "pitch_knob": {
      "x": 139.80492,
      "y": 67.623222
    }
  }
}