{
  "widgets": {
    "rect1": {
      "x": 115.2,
      "y": 182.12598425196853
    },
    "rect2": {
      "x": 196.577001,
      "y": -289.821575
    },
    "rect8371": {
      "x": 258.523934,
      "y": 369.82566699999995
    },
    "rect2823": {
      "x": 260.44165200000003,
      "y": 276.8898185
    },
    "div_input": {
      "x": 40.692501,
      "y": 117.02041
    },
    "clock_input": {
      "x": 188.717,
      "y": 117.037
    },
    "pos_input": {
      "x": 40.692501,
      "y": 184.002
    },
    "trg_output": {
      "x": 196.577,
      "y": 270.28622
    },
    "wav_output": {
      "x": 196.577,
      "y": 318.80093
    },
    "wav_input": {
      "x": 40.692501,
      "y": 251.075
    },
    "pitch_input": {
      "x": 40.692501,
      "y": 318.62051
    },
    "div_attn_knob": {
      "x": 80.309998,
      "y": 117.02041
    },
    "pos_attn_knob": {
      "x": 80.309998,
      "y": 184.002
    },
    "wav_attn_knob": {
      "x": 80.309998,
      "y": 251.075
    },
    "div_knob": {
      "x": 122.06252,
      "y": 117.02041
    },
    "pos_knob": {
      "x": 122.06252,
      "y": 184.002
    },
    "wav_knob": {
      "x": 122.06252,
      "y": 251.075
    },
    "pitch_knob": {
      "x": 122.06252,
      "y": 318.62051
    },
    "smooth_button": {
      "x": 188.81633349999998,
      "y": 188.0717535
    }
  }
}