{
  "widgets": {
    "rect376": {
      "x": 1.69333336,
      "y": 1.69333336
    },
    "rect376-3-9": {
      "x": 1.69341469,
      "y": 2.28582736
    }
  }
}