{
  "widgets": {
    "rect6": {
      "x": 8.89597005,
      "y": 1.46754002
    }
  }
}