{
  "widgets": {
    "rect7626": {
      "x": 2.17513953,
      "y": 2.18307693
    },
    "rect7626-1": {
      "x": 2.17513966,
      "y": 2.18281231
    },
    "rect1898-9-78-7-3": {
      "x": 2.17513947,
      "y": 2.1828125800000002
    },
    "path9179-9": {
      "x": 2.1751394,
      "y": 2.174875
    },
    "path9179": {
      "x": 2.2058313,
      "y": 2.1177249
    },
    "rect12579-4": {
      "x": 2.1751395000000002,
      "y": 0.548481285
    },
    "rect12579": {
      "x": 2.2058312,
      "y": 3.791876045
    }
  }
}