{
  "widgets": {
    "rect1": {
      "x": 122.40000141732283,
      "y": 182.12598425196853
    },
    "rect2": {
      "x": 214.4361895,
      "y": 228.38493
    },
    "rect36": {
      "x": 165.09601000499998,
      "y": 8.481
    },
    "rect38": {
      "x": 174.314500015,
      "y": 8.58349991
    },
    "rect40": {
      "x": 173.047500015,
      "y": 8.58349991
    },
    "rect42": {
      "x": 174.314500015,
      "y": 7.647500115
    },
    "rect46": {
      "x": 173.047500015,
      "y": 7.647500115
    }
  }
}