{
  "widgets": {
    "rect350": {
      "x": 21.6000005,
      "y": 181.98425828
    },
    "rect2": {
      "x": 21.6000002,
      "y": -315.330234
    },
    "reset_input": {
      "x": 21.5165,
      "y": 49.995499
    },
    "left_output": {
      "x": 21.6,
      "y": 291.47931
    },
    "right_output": {
      "x": 21.6,
      "y": 339.01718
    }
  }
}