{
  "widgets": {
    "rect3": {
      "x": 90.3328931,
      "y": 175.89281
    },
    "rect1": {
      "x": 48.0937506,
      "y": 121.4375
    },
    "rect2-5-9-1": {
      "x": 159.33424,
      "y": 113.96294
    },
    "rect2-5-9": {
      "x": 159.33424,
      "y": 113.96294
    },
    "rect2-5-9-7": {
      "x": 159.33424,
      "y": 113.96294
    },
    "rect2-5-9-3": {
      "x": 159.33424,
      "y": 113.96294
    },
    "rect2-5-9-7-1": {
      "x": 159.33424,
      "y": 113.96294
    },
    "rect2-5-9-5": {
      "x": 73.5217395,
      "y": 78.15043949999999
    },
    "rect2-5-9-5-8": {
      "x": 73.5217375,
      "y": 78.15043949999999
    },
    "rect2-5-9-5-8-4": {
      "x": 73.5217375,
      "y": 78.15043949999999
    },
    "rect350": {
      "x": 28.799999,
      "y": 181.98425828
    },
    "rect2-4": {
      "x": 28.7999984,
      "y": -320.918194
    },
    "ellipse11177": {
      "x": 28.602938,
      "y": 65.709976
    },
    "ellipse11187": {
      "x": 29.233086,
      "y": 66.729927
    },
    "ellipse11189": {
      "x": 56.746853,
      "y": 46.714642
    },
    "ellipse11191": {
      "x": 66.070969,
      "y": 30.530909
    }
  }
}