{
  "widgets": {
    "rect1": {
      "x": 144.0,
      "y": 182.12598425196853
    },
    "circle148": {
      "x": 259.327,
      "y": 248.453
    },
    "rect2": {
      "x": 238.283186,
      "y": -329.6047925
    },
    "circle278": {
      "x": 258.89999,
      "y": 75.072998
    }
  }
}