{
  "widgets": {
    "rect1": {
      "x": 43.2,
      "y": 182.12598425196853
    },
    "left_input": {
      "x": 38.668499,
      "y": 56.996498
    },
    "right_input": {
      "x": 48.2225,
      "y": 93.033501
    },
    "start_input": {
      "x": 24.1565,
      "y": 171.34
    },
    "start_button": {
      "x": 24.1565,
      "y": 199.96506
    },
    "stop_button": {
      "x": 62.490501,
      "y": 199.96442
    },
    "stop_input": {
      "x": 62.490501,
      "y": 171.34
    },
    "sample_input": {
      "x": 24.2295,
      "y": 250.293
    },
    "rect2-4": {
      "x": 43.2000024,
      "y": -321.05994400000003
    },
    "left_output": {
      "x": 24.085794,
      "y": 328.57895
    },
    "right_output": {
      "x": 62.345013,
      "y": 328.57895
    },
    "sample_attn_knob": {
      "x": 62.452,
      "y": 250.57504
    }
  }
}