{
  "widgets": {
    "rect350": {
      "x": 43.200001,
      "y": 182.12599000000003
    },
    "rect2": {
      "x": 43.2000024,
      "y": -321.05854400000004
    }
  }
}