{
  "widgets": {
    "rect9138": {
      "x": 11.5625,
      "y": -17.21875
    },
    "rect9110": {
      "x": 185.5,
      "y": -122.5
    },
    "rect9104": {
      "x": 9.391261999999998,
      "y": -13.589709000000001
    },
    "rect9098": {
      "x": -7.6786780000000014,
      "y": 9.8273775
    },
    "rect2327": {
      "x": 12.858872999999999,
      "y": 11.4264081
    },
    "rect1466": {
      "x": 31.800531199999998,
      "y": 76.7452855
    }
  }
}