{
  "widgets": {
    "rect9729": {
      "x": 9.59375,
      "y": -22.0
    },
    "rect9692": {
      "x": 15.125,
      "y": -22.625
    },
    "rect9627": {
      "x": 14.0625,
      "y": -21.71875
    },
    "rect9564": {
      "x": 10.21875,
      "y": -23.375
    },
    "rect9530": {
      "x": 13.3125,
      "y": -19.0625
    },
    "rect9466": {
      "x": 11.875,
      "y": -19.28125
    },
    "rect9434": {
      "x": 12.3125,
      "y": -23.1875
    },
    "rect9376": {
      "x": 10.375,
      "y": -18.84375
    },
    "rect9320": {
      "x": 10.15625,
      "y": -19.46875
    },
    "rect9288": {
      "x": 12.40625,
      "y": -19.25
    },
    "rect9236": {
      "x": 12.78125,
      "y": -19.6875
    },
    "rect9186": {
      "x": 13.375,
      "y": -15.5
    },
    "rect9138": {
      "x": 11.5625,
      "y": -17.21875
    },
    "rect9110": {
      "x": 185.5,
      "y": -122.5
    },
    "rect9104": {
      "x": 9.391261999999998,
      "y": -13.589709000000001
    },
    "rect9098": {
      "x": -7.6786780000000014,
      "y": 9.8273775
    },
    "rect2327": {
      "x": 12.858872999999999,
      "y": 11.4264081
    },
    "rect1466": {
      "x": 31.800531199999998,
      "y": 76.7452855
    }
  }
}