{
  "widgets": {
    "rect376": {
      "x": 1.69333336,
      "y": 1.69333336
    }
  }
}