{
  "widgets": {
    "rect350": {
      "x": 57.6,
      "y": 182.12599
    },
    "rect2": {
      "x": 88.901972,
      "y": -315.472934
    }
  }
}