{
  "widgets": {
    "rect2-5-9-1-4": {
      "x": 159.33424,
      "y": 113.96294
    },
    "rect2-5-9-1-4-6": {
      "x": 62.4891865,
      "y": 78.337532
    },
    "rect2-5-9-1-4-6-5": {
      "x": 62.489187,
      "y": 78.337532
    },
    "rect2-5-9-1-4-6-5-0": {
      "x": 62.489187,
      "y": 78.337532
    },
    "rect2-5-9-1-4-6-5-0-4": {
      "x": 62.489187,
      "y": 78.337532
    },
    "rect2-5-9-1-4-6-5-03": {
      "x": 62.489187,
      "y": 78.337532
    },
    "rect2-5-9-1-4-6-5-03-5": {
      "x": 62.489187,
      "y": 78.337532
    },
    "rect2-5-9-1-4-6-5-03-5-0": {
      "x": 62.489187,
      "y": 78.337532
    },
    "rect2-5-9-1-4-6-5-03-5-0-1": {
      "x": 62.489187,
      "y": 78.337532
    },
    "rect2-5-9-1-4-6-5-03-5-0-1-3": {
      "x": 62.489187,
      "y": 78.337532
    },
    "rect2-5-9-1-4-6-5-03-5-0-1-3-3": {
      "x": 62.489187,
      "y": 78.337532
    },
    "rect2-5-9-1-4-7": {
      "x": 159.33424,
      "y": 113.96294
    },
    "rect2-5-9-1-4-7-4": {
      "x": 159.33424,
      "y": 113.96294
    },
    "rect59198-4": {
      "x": 326.75,
      "y": 118.625
    },
    "rect59198-4-0": {
      "x": 326.75,
      "y": 118.625
    },
    "rect350": {
      "x": 331.255328967,
      "y": 182.12599
    },
    "rect7585": {
      "x": 402.02634,
      "y": 195.78491300000002
    },
    "rect7585-2": {
      "x": 175.77432,
      "y": 195.78491300000002
    },
    "rect7585-0": {
      "x": 358.641085,
      "y": 33.955433
    },
    "rect25902": {
      "x": 237.25554250000002,
      "y": 323.70014249999997
    },
    "rect25902-1": {
      "x": 259.2249825,
      "y": 323.70014249999997
    },
    "rect25902-1-4": {
      "x": 281.19440249999997,
      "y": 323.70014249999997
    },
    "rect25902-1-4-4": {
      "x": 303.1638225,
      "y": 323.70014249999997
    },
    "rect25902-16": {
      "x": 325.1332725,
      "y": 323.70014249999997
    },
    "rect25902-1-8": {
      "x": 347.1026925,
      "y": 323.70014249999997
    },
    "rect25902-1-4-8": {
      "x": 369.07215249999996,
      "y": 323.70014249999997
    },
    "rect25902-1-4-4-3": {
      "x": 391.0416325,
      "y": 323.70014249999997
    },
    "rect25902-0": {
      "x": 413.01105249999995,
      "y": 323.70014249999997
    },
    "rect25902-1-6": {
      "x": 434.9805025,
      "y": 323.70014249999997
    },
    "rect25902-1-4-7": {
      "x": 456.94992249999996,
      "y": 323.70014249999997
    },
    "rect25902-1-4-4-2": {
      "x": 478.91937249999995,
      "y": 323.70014249999997
    },
    "rect25902-16-0": {
      "x": 500.8888025,
      "y": 323.70014249999997
    },
    "rect25902-1-8-7": {
      "x": 522.8584025,
      "y": 323.70014249999997
    },
    "rect25902-1-4-8-3": {
      "x": 544.8278225,
      "y": 323.70014249999997
    },
    "rect25902-1-4-4-3-6": {
      "x": 566.7972424999999,
      "y": 323.70014249999997
    },
    "rect25902-5": {
      "x": 237.25554250000002,
      "y": 297.0014725
    },
    "rect25902-1-0": {
      "x": 259.2249825,
      "y": 297.1137425
    },
    "rect25902-1-4-1": {
      "x": 281.19440249999997,
      "y": 297.1137425
    },
    "rect25902-1-4-4-8": {
      "x": 303.1638225,
      "y": 297.1137425
    },
    "rect25902-16-6": {
      "x": 325.1332725,
      "y": 297.1137425
    },
    "rect25902-1-8-9": {
      "x": 347.1026925,
      "y": 297.1137425
    },
    "rect25902-1-4-8-35": {
      "x": 369.07215249999996,
      "y": 297.1137425
    },
    "rect25902-1-4-4-3-8": {
      "x": 391.0415725,
      "y": 297.1137425
    },
    "rect25902-0-4": {
      "x": 413.01102249999997,
      "y": 297.1137425
    },
    "rect25902-1-6-7": {
      "x": 434.9805025,
      "y": 297.1137425
    },
    "rect25902-1-4-7-9": {
      "x": 456.94992249999996,
      "y": 297.1137425
    },
    "rect25902-1-4-4-2-0": {
      "x": 478.91937249999995,
      "y": 297.1137425
    },
    "rect25902-16-0-9": {
      "x": 500.8888025,
      "y": 297.1137425
    },
    "rect25902-1-8-7-3": {
      "x": 522.8582825,
      "y": 297.1137425
    },
    "rect25902-1-4-8-3-5": {
      "x": 544.8277625,
      "y": 297.1137425
    },
    "rect25902-1-4-4-3-6-4": {
      "x": 566.7971825,
      "y": 297.1137425
    },
    "rect62567": {
      "x": 237.25554250000002,
      "y": 297.1136935
    },
    "rect62569": {
      "x": 259.2249825,
      "y": 297.1137425
    },
    "rect62571": {
      "x": 281.19440249999997,
      "y": 297.1137425
    },
    "rect62573": {
      "x": 303.1638225,
      "y": 297.1137425
    },
    "rect62575": {
      "x": 325.1332725,
      "y": 297.1137425
    },
    "rect62577": {
      "x": 347.1026925,
      "y": 297.1137425
    },
    "rect62579": {
      "x": 369.07215249999996,
      "y": 297.1137425
    },
    "rect62581": {
      "x": 391.0415725,
      "y": 297.1137425
    },
    "rect62583": {
      "x": 413.01102249999997,
      "y": 297.1137425
    },
    "rect62585": {
      "x": 434.9805025,
      "y": 297.1137425
    },
    "rect62587": {
      "x": 456.94992249999996,
      "y": 297.1137425
    },
    "rect62589": {
      "x": 478.91937249999995,
      "y": 297.1137425
    },
    "rect62591": {
      "x": 500.8888025,
      "y": 297.1137425
    },
    "rect62593": {
      "x": 522.8582825,
      "y": 297.1137425
    },
    "rect62595": {
      "x": 544.8277625,
      "y": 297.1137425
    },
    "rect62597": {
      "x": 566.7971825,
      "y": 297.1137425
    },
    "ellipse11177": {
      "x": 28.602938,
      "y": 65.709976
    },
    "ellipse11187": {
      "x": 29.233086,
      "y": 66.729927
    },
    "ellipse11189": {
      "x": 56.746853,
      "y": 46.714642
    },
    "ellipse11191": {
      "x": 66.070969,
      "y": 30.530909
    },
    "rect2-2": {
      "x": 629.162926,
      "y": -181.676475
    },
    "rate_attn_knob": {
      "x": 36.063377,
      "y": 305.36404
    },
    "shape_attn_knob": {
      "x": 88.096237,
      "y": 305.36404
    },
    "pitch_input": {
      "x": 36.063377,
      "y": 67.344292
    },
    "pitch_output": {
      "x": 629.2121,
      "y": 54.249241
    },
    "gate_output": {
      "x": 629.2121,
      "y": 104.51297
    },
    "mod1_output": {
      "x": 629.2121,
      "y": 154.99812
    },
    "mod2_output": {
      "x": 629.2121,
      "y": 205.62257
    },
    "prob_output": {
      "x": 629.2121,
      "y": 266.91516
    },
    "cycle_output": {
      "x": 629.2121,
      "y": 315.65878
    },
    "latch_switch": {
      "x": 88.09623450000001,
      "y": 121.02597349999999
    },
    "trig_button-0": {
      "x": 88.09623450000001,
      "y": 67.3442925
    },
    "on_switch": {
      "x": 88.09623450000001,
      "y": 67.3442925
    },
    "gate_input": {
      "x": 36.063377,
      "y": 121.02598
    },
    "clock_input": {
      "x": 36.063377,
      "y": 172.47021
    },
    "reset_input": {
      "x": 88.096245,
      "y": 172.47021
    },
    "rate_input": {
      "x": 36.063377,
      "y": 339.13861
    },
    "rate_knob": {
      "x": 36.063377,
      "y": 264.99149
    },
    "shape_knob": {
      "x": 88.096237,
      "y": 264.99149
    },
    "shape_input": {
      "x": 88.096245,
      "y": 339.13861
    }
  }
}