{
  "widgets": {
    "rect1": {
      "x": 115.19999858267717,
      "y": 182.12598425196853
    },
    "rect2": {
      "x": 196.577001,
      "y": -289.821575
    }
  }
}