{
  "widgets": {
    "rect1": {
      "x": 7.62,
      "y": 64.25
    },
    "rect1890": {
      "x": 29.40625,
      "y": 68.875
    },
    "rect789": {
      "x": 44.1057857,
      "y": 324.60621249999997
    },
    "rect7150": {
      "x": -176.25,
      "y": -117.25
    },
    "rect7140": {
      "x": -91.875,
      "y": 369.25
    },
    "rect2601": {
      "x": 73.6875,
      "y": 149.9375
    },
    "rect2512": {
      "x": 444.53125,
      "y": 1.15625
    },
    "rect2454": {
      "x": 404.6875,
      "y": -14.875
    },
    "rect993": {
      "x": 136.02696450000002,
      "y": 55.96278995
    },
    "rect2601-5": {
      "x": 73.6875,
      "y": 149.9375
    },
    "rect2601-5-3": {
      "x": 73.6875,
      "y": 149.9375
    },
    "rect2601-5-3-7": {
      "x": 73.6875,
      "y": 149.9375
    },
    "rect2601-5-3-7-7": {
      "x": 73.6875,
      "y": 149.9375
    },
    "rect2601-5-3-7-7-5": {
      "x": 73.6875,
      "y": 149.9375
    },
    "rect2601-5-3-7-7-5-1": {
      "x": 73.6875,
      "y": 149.9375
    },
    "rect2601-5-4": {
      "x": 73.6875,
      "y": 149.9375
    },
    "rect7140-4": {
      "x": -91.875,
      "y": 369.25
    },
    "rect1-9": {
      "x": 48.09375,
      "y": 121.4375
    },
    "rect2": {
      "x": 72.41295099999999,
      "y": -158.4614565
    }
  }
}