{
  "widgets": {
    "rect350": {
      "x": 144.000015,
      "y": 182.12599
    },
    "rect2": {
      "x": 235.942989,
      "y": -321.05854400000004
    },
    "circle30": {
      "x": 218.549,
      "y": 74.194
    }
  }
}