{
  "widgets": {
    "rect350": {
      "x": 144.00001500000005,
      "y": 182.12599
    },
    "jitter_input": {
      "x": 65.088501,
      "y": 92.752998
    },
    "clock_input": {
      "x": 32.315498,
      "y": 329.08801
    },
    "pan_input": {
      "x": 88.043503,
      "y": 329.08801
    },
    "rate_input": {
      "x": 32.315498,
      "y": 250.5005
    },
    "window_input": {
      "x": 88.043503,
      "y": 250.5005
    },
    "grains_input": {
      "x": 143.85451,
      "y": 250.5005
    },
    "pitch_input": {
      "x": 199.5815,
      "y": 250.5005
    },
    "sample_input": {
      "x": 255.2905,
      "y": 250.5005
    },
    "position_input": {
      "x": 222.5675,
      "y": 92.752998
    },
    "circle30": {
      "x": 218.549,
      "y": 74.194
    },
    "jitter_knob": {
      "x": 72.271004,
      "y": 57.116737
    },
    "rate_attn_knob": {
      "x": 32.2845,
      "y": 214.30553
    },
    "window_attn_knob": {
      "x": 88.012497,
      "y": 214.30553
    },
    "position_attn_knob": {
      "x": 215.22099,
      "y": 57.2052
    },
    "position_knob": {
      "x": 144.45392,
      "y": 74.194
    },
    "rate_knob": {
      "x": 32.1595,
      "y": 166.98198
    },
    "window_knob": {
      "x": 87.899498,
      "y": 166.98198
    },
    "grains_knob": {
      "x": 143.6395,
      "y": 166.98198
    },
    "pitch_knob": {
      "x": 199.379,
      "y": 166.98198
    },
    "sample_knob": {
      "x": 255.119,
      "y": 166.98198
    },
    "grains_attn_knob": {
      "x": 143.82401,
      "y": 214.30553
    },
    "trim_knob": {
      "x": 157.52251,
      "y": 328.75089
    },
    "sample_attn_knob": {
      "x": 255.25999,
      "y": 214.30553
    },
    "rect2-4": {
      "x": 317.75779900000003,
      "y": -380.87748400000004
    },
    "left_output": {
      "x": 298.5899,
      "y": 388.39648
    },
    "right_output": {
      "x": 336.92566,
      "y": 388.39648
    }
  }
}