{
  "widgets": {
    "rect1": {
      "x": 50.5581353,
      "y": 176.599919
    },
    "rect4": {
      "x": 147.564346,
      "y": 56.789514499999996
    },
    "rect3": {
      "x": 46.1387175,
      "y": 419.3143255
    },
    "rect2-5-9-1-4": {
      "x": 159.33424,
      "y": 113.96294
    },
    "rect2-5-9-1-4-8": {
      "x": 159.33424,
      "y": 113.96294
    },
    "rect2-5-9-1-4-8-6": {
      "x": 159.33424,
      "y": 113.96294
    },
    "rect2-5-9-1-4-8-6-9": {
      "x": 159.33424,
      "y": 113.96294
    },
    "rect2-5-9-1-4-8-6-9-4": {
      "x": 159.33424,
      "y": 113.96294
    },
    "rect2-5-9-1-4-0": {
      "x": 159.33424,
      "y": 113.96294
    },
    "rect2-5-9-1-4-0-3": {
      "x": 159.33424,
      "y": 113.96294
    },
    "rect2-5-9-1-4-0-2": {
      "x": 159.33424,
      "y": 113.96294
    },
    "rect2-5-9-1-4-0-2-7": {
      "x": 159.33424,
      "y": 113.96294
    },
    "rect2-5-9-1-4-0-2-2": {
      "x": 159.33424,
      "y": 113.96294
    },
    "rect350": {
      "x": 43.2000045,
      "y": 182.12598999999997
    },
    "rect2": {
      "x": 61.591561999999996,
      "y": -315.471994
    },
    "compression_toggle": {
      "x": 24.086002,
      "y": 48.864178
    },
    "left_input": {
      "x": 21.086002,
      "y": 305.15112
    },
    "left_output": {
      "x": 61.59156,
      "y": 305.15112
    },
    "right_output": {
      "x": 61.59156,
      "y": 336.89191
    },
    "compression_light": {
      "x": 66.82119,
      "y": 48.86417
    },
    "right_input": {
      "x": 21.086002,
      "y": 336.89191
    },
    "dropout_knob": {
      "x": 24.086002,
      "y": 105.20621
    },
    "plc_strategy_knob": {
      "x": 24.086002,
      "y": 164.60321
    }
  }
}