{
  "widgets": {
    "rect1": {
      "x": 91.57229167,
      "y": 64.183854163
    },
    "step_input": {
      "x": 9.9615908,
      "y": 114.81878
    },
    "length_input": {
      "x": 24.548859,
      "y": 114.81878
    },
    "reset_input": {
      "x": 39.015862,
      "y": 114.819
    },
    "rect2": {
      "x": 161.4455515,
      "y": -115.60046849999999
    },
    "rect53075": {
      "x": 430.75,
      "y": 505.5
    },
    "rect32498": {
      "x": 271.25,
      "y": 518.375
    },
    "rect20698": {
      "x": 216.46305900000002,
      "y": 410.7406525
    },
    "rect14532": {
      "x": 233.16845999999998,
      "y": 404.1999145
    },
    "rect10906": {
      "x": 203.9119215,
      "y": 413.127139
    },
    "rect7710": {
      "x": 209.833936,
      "y": 411.2709815
    },
    "rect6538": {
      "x": 58.601474499999995,
      "y": 387.494518
    },
    "rect16414": {
      "x": 516.859545,
      "y": 10.60660161
    },
    "rect6561": {
      "x": 169.31248499999998,
      "y": 404.8749585
    },
    "rect3711": {
      "x": 131.3749875,
      "y": 394.8398045
    },
    "rect928": {
      "x": 97.29960700000001,
      "y": 155.96167735
    },
    "rect6561-3": {
      "x": 169.31248499999998,
      "y": 404.874968
    },
    "rect6561-3-6": {
      "x": 169.31248499999998,
      "y": 404.874968
    },
    "rect53075-9": {
      "x": 430.75,
      "y": 505.5
    },
    "rect62783": {
      "x": 607.90625,
      "y": 400.3125
    },
    "sequencer_select_1": {
      "x": 65.0056,
      "y": 108.07989
    },
    "sequencer_select_2": {
      "x": 74.835434,
      "y": 108.07989
    },
    "sequencer_select_3": {
      "x": 84.66526,
      "y": 108.07989
    },
    "sequencer_select_4": {
      "x": 94.495094,
      "y": 108.07989
    },
    "sequencer_select_5": {
      "x": 104.32492,
      "y": 108.07989
    },
    "sequencer_select_6": {
      "x": 114.15475,
      "y": 108.07989
    },
    "sequencer_select_7": {
      "x": 123.98458,
      "y": 108.07989
    },
    "sequencer_select_8": {
      "x": 133.81441,
      "y": 108.07989
    },
    "sequencer_select_9": {
      "x": 65.005249,
      "y": 118.2711
    },
    "sequencer_select_10": {
      "x": 74.835083,
      "y": 118.2711
    },
    "sequencer_select_11": {
      "x": 84.664909,
      "y": 118.2711
    },
    "sequencer_select_12": {
      "x": 94.494743,
      "y": 118.2711
    },
    "sequencer_select_13": {
      "x": 104.32457,
      "y": 118.2711
    },
    "sequencer_select_14": {
      "x": 114.1544,
      "y": 118.2711
    },
    "sequencer_select_15": {
      "x": 123.98423,
      "y": 118.2711
    },
    "sequencer_select_16": {
      "x": 133.81407,
      "y": 118.2711
    },
    "gate_output": {
      "x": 154.68355,
      "y": 118.253
    },
    "cv_output": {
      "x": 168.20755,
      "y": 118.253
    }
  }
}