{
  "widgets": {
    "rect1": {
      "x": 91.44,
      "y": 64.25
    },
    "rect53075": {
      "x": 430.75,
      "y": 505.5
    },
    "rect32498": {
      "x": 271.25,
      "y": 518.375
    },
    "rect20698": {
      "x": 216.46305900000002,
      "y": 410.7406525
    },
    "rect14532": {
      "x": 233.16845999999998,
      "y": 404.1999145
    },
    "rect10906": {
      "x": 203.9119215,
      "y": 413.127139
    },
    "rect7710": {
      "x": 209.833936,
      "y": 411.2709815
    },
    "rect6538": {
      "x": 58.601474499999995,
      "y": 387.494518
    },
    "rect16414": {
      "x": 516.859545,
      "y": 10.60660161
    },
    "rect6561": {
      "x": 169.31248499999998,
      "y": 404.8749585
    },
    "rect3711": {
      "x": 131.3749875,
      "y": 394.8398045
    },
    "rect928": {
      "x": 97.29960700000001,
      "y": 155.96167735
    },
    "rect6561-3": {
      "x": 169.31248499999998,
      "y": 404.874968
    },
    "rect6561-3-6": {
      "x": 169.31248499999998,
      "y": 404.874968
    },
    "rect53075-9": {
      "x": 430.75,
      "y": 505.5
    },
    "rect62783": {
      "x": 607.90625,
      "y": 400.3125
    },
    "rect2": {
      "x": 222.0051215,
      "y": -162.24125850000001
    }
  }
}