{
  "widgets": {
    "rect38014": {
      "x": 273.17887,
      "y": 222.0186665
    },
    "rect36398": {
      "x": 284.31278499999996,
      "y": 201.97941100000003
    },
    "rect2418": {
      "x": 240.16643999999997,
      "y": 221.033596
    },
    "rect2206": {
      "x": 284.312815,
      "y": 224.6288495
    },
    "rect9280": {
      "x": 191.4491645,
      "y": 99.910455
    },
    "rect59198": {
      "x": 326.75,
      "y": 118.625
    },
    "rect19053": {
      "x": 141.17398550000001,
      "y": 42.706238
    },
    "rect7886": {
      "x": 45.1664165,
      "y": 131.157326
    },
    "rect7858": {
      "x": 48.973746,
      "y": 107.07465425
    },
    "rect396": {
      "x": 101.59835899999999,
      "y": 99.72077150000001
    },
    "rect490": {
      "x": 72.600058,
      "y": 42.5586555
    },
    "rect720": {
      "x": 51.778543,
      "y": 306.540774
    },
    "rect7886-5": {
      "x": 45.1664165,
      "y": 131.157326
    },
    "rect7886-3": {
      "x": 45.1664165,
      "y": 131.157326
    },
    "rect7886-1": {
      "x": 64.196137,
      "y": 131.00980900000002
    },
    "rect7886-1-4": {
      "x": 45.1664165,
      "y": 131.157326
    },
    "rect7886-1-4-6": {
      "x": 45.1664165,
      "y": 131.157326
    },
    "rect7886-1-3": {
      "x": 45.1664165,
      "y": 131.157326
    },
    "rect7886-1-3-3": {
      "x": 45.1664165,
      "y": 131.157326
    },
    "rect7886-1-0": {
      "x": 45.1664165,
      "y": 131.157326
    },
    "rect7886-1-39": {
      "x": 45.1664165,
      "y": 131.157326
    },
    "rect7886-1-39-2": {
      "x": 45.1664165,
      "y": 131.157326
    },
    "rect7886-1-8": {
      "x": 45.1664165,
      "y": 131.157326
    },
    "rect7886-1-6": {
      "x": 45.1664165,
      "y": 131.157326
    },
    "rect7886-1-6-4": {
      "x": 45.1664165,
      "y": 131.157326
    },
    "rect59198-4": {
      "x": 326.75,
      "y": 118.625
    },
    "rect59198-4-0": {
      "x": 326.75,
      "y": 118.625
    },
    "rect9104": {
      "x": 9.391261999999998,
      "y": -13.589709000000001
    },
    "rect9098": {
      "x": -7.6786780000000014,
      "y": 9.8273775
    },
    "rect2327": {
      "x": 12.858872999999999,
      "y": 11.4264081
    },
    "rect9104-4": {
      "x": 9.391261999999998,
      "y": -13.589709000000001
    },
    "rect9098-0": {
      "x": -7.6786780000000014,
      "y": 9.8273775
    },
    "rect2327-3": {
      "x": 12.858872999999999,
      "y": 11.4264081
    },
    "rect9104-4-4": {
      "x": 9.391261999999998,
      "y": -13.589709000000001
    },
    "rect9098-0-0": {
      "x": -7.6786780000000014,
      "y": 9.8273775
    },
    "rect2327-3-7": {
      "x": 12.858872999999999,
      "y": 11.4264081
    },
    "rect9280-5": {
      "x": 191.4491645,
      "y": 99.910455
    },
    "rect9280-5-6": {
      "x": 191.4491645,
      "y": 99.910455
    },
    "rect9280-5-6-0": {
      "x": 191.4491645,
      "y": 99.910455
    },
    "rect9280-5-1": {
      "x": 191.4491645,
      "y": 99.910455
    },
    "rect7585": {
      "x": 278.023687,
      "y": 182.939013
    },
    "rect7585-2": {
      "x": 52.6983728,
      "y": 182.939013
    },
    "rect7585-0": {
      "x": 234.81613779999998,
      "y": 21.7723725
    },
    "rect7585-0-7": {
      "x": 52.698376800000005,
      "y": 75.199093
    },
    "rect7585-0-7-8": {
      "x": 418.3121325,
      "y": 21.332676499999998
    },
    "rect7585-0-7-7": {
      "x": 52.6683475,
      "y": 215.49562099999997
    },
    "rect7585-0-7-7-7": {
      "x": 52.1396915,
      "y": 290.223781
    },
    "rect25902": {
      "x": 113.92777849999999,
      "y": 310.3303085
    },
    "rect25902-1": {
      "x": 135.8072285,
      "y": 310.3303085
    },
    "rect25902-1-4": {
      "x": 157.68670849999998,
      "y": 310.3303085
    },
    "rect25902-1-4-4": {
      "x": 179.5661685,
      "y": 310.3303085
    },
    "rect25902-16": {
      "x": 201.4456185,
      "y": 310.3303085
    },
    "rect25902-1-8": {
      "x": 223.3250785,
      "y": 310.3303085
    },
    "rect25902-1-4-8": {
      "x": 245.20452849999998,
      "y": 310.3303085
    },
    "rect25902-1-4-4-3": {
      "x": 267.0840085,
      "y": 310.3303085
    },
    "rect25902-0": {
      "x": 288.9634585,
      "y": 310.3303085
    },
    "rect25902-1-6": {
      "x": 310.8429185,
      "y": 310.3303085
    },
    "rect25902-1-4-7": {
      "x": 332.7223685,
      "y": 310.3303085
    },
    "rect25902-1-4-4-2": {
      "x": 354.6018285,
      "y": 310.3303085
    },
    "rect25902-16-0": {
      "x": 376.4812785,
      "y": 310.3303085
    },
    "rect25902-1-8-7": {
      "x": 398.3607685,
      "y": 310.3303085
    },
    "rect25902-1-4-8-3": {
      "x": 420.24021849999997,
      "y": 310.3303085
    },
    "rect25902-1-4-4-3-6": {
      "x": 442.1196785,
      "y": 310.3303085
    },
    "rect25902-5": {
      "x": 113.92777849999999,
      "y": 283.7410185
    },
    "rect25902-1-0": {
      "x": 135.8072285,
      "y": 283.8528285
    },
    "rect25902-1-4-1": {
      "x": 157.68670849999998,
      "y": 283.8528285
    },
    "rect25902-1-4-4-8": {
      "x": 179.5661685,
      "y": 283.8528285
    },
    "rect25902-16-6": {
      "x": 201.4456185,
      "y": 283.8528285
    },
    "rect25902-1-8-9": {
      "x": 223.3250785,
      "y": 283.8528285
    },
    "rect25902-1-4-8-35": {
      "x": 245.2044985,
      "y": 283.8528285
    },
    "rect25902-1-4-4-3-8": {
      "x": 267.08396849999997,
      "y": 283.8528285
    },
    "rect25902-0-4": {
      "x": 288.9634285,
      "y": 283.8528285
    },
    "rect25902-1-6-7": {
      "x": 310.8428885,
      "y": 283.8528285
    },
    "rect25902-1-4-7-9": {
      "x": 332.7223385,
      "y": 283.8528285
    },
    "rect25902-1-4-4-2-0": {
      "x": 354.6017985,
      "y": 283.8528285
    },
    "rect25902-16-0-9": {
      "x": 376.4812485,
      "y": 283.8528285
    },
    "rect25902-1-8-7-3": {
      "x": 398.3607085,
      "y": 283.8528285
    },
    "rect25902-1-4-8-3-5": {
      "x": 420.2401585,
      "y": 283.8528285
    },
    "rect25902-1-4-4-3-6-4": {
      "x": 442.1196185,
      "y": 283.8528285
    },
    "rect62567": {
      "x": 113.92777849999999,
      "y": 283.85278
    },
    "rect62567-0": {
      "x": 113.92777849999999,
      "y": 206.84457500000002
    },
    "rect62567-0-9": {
      "x": 113.92777849999999,
      "y": 51.8372655
    },
    "rect62567-0-9-0-8": {
      "x": 568.6016675000001,
      "y": 35.4936175
    },
    "rect62567-0-9-0-8-3": {
      "x": 568.60165325,
      "y": 35.53355645
    },
    "rect62567-0-5": {
      "x": 135.8069285,
      "y": 192.21542499999998
    },
    "rect62567-0-5-7": {
      "x": 135.8069285,
      "y": 51.837266
    },
    "rect62567-0-5-7-0": {
      "x": 157.6860685,
      "y": 51.837266
    },
    "rect62567-0-5-7-4": {
      "x": 179.5652185,
      "y": 51.837266
    },
    "rect62567-0-5-7-0-4": {
      "x": 201.4443685,
      "y": 51.837266
    },
    "rect62567-0-5-7-4-2": {
      "x": 223.3235185,
      "y": 51.837266
    },
    "rect62567-0-5-7-0-4-8": {
      "x": 245.2026685,
      "y": 51.837266
    },
    "rect62567-0-5-7-4-2-0": {
      "x": 267.0818085,
      "y": 51.837266
    },
    "rect62567-0-5-7-0-4-8-5": {
      "x": 288.9609585,
      "y": 51.837266
    },
    "rect62567-0-5-7-4-2-8": {
      "x": 310.8401085,
      "y": 51.837266
    },
    "rect62567-0-5-7-0-4-8-0": {
      "x": 332.71925849999997,
      "y": 51.837266
    },
    "rect62567-0-5-7-4-2-0-8": {
      "x": 354.5984085,
      "y": 51.837266
    },
    "rect62567-0-5-7-0-4-8-5-3": {
      "x": 376.4775585,
      "y": 51.837266
    },
    "rect62567-0-5-7-0-4-8-5-3-9": {
      "x": 398.3566485,
      "y": 51.837266
    },
    "rect62567-0-9-0-9": {
      "x": 442.1148885,
      "y": 51.8372655
    },
    "rect62567-0-5-7-0-4-8-5-3-0": {
      "x": 420.2357685,
      "y": 51.837266
    },
    "rect62567-0-6": {
      "x": 157.6860685,