{
  "widgets": {
    "rect376": {
      "x": 1.69333336,
      "y": 1.69333336
    },
    "rect376-3": {
      "x": 1.6933333899999998,
      "y": 1.69333341
    }
  }
}