{
  "widgets": {
    "rect25661-8": {
      "x": -13.0375805,
      "y": 74.8917333
    }
  }
}