{
  "widgets": {
    "rect26009": {
      "x": -9.85857935,
      "y": 102.20609845
    },
    "rect26020": {
      "x": -9.886974350000001,
      "y": 102.20118339999999
    }
  }
}