{
  "widgets": {
    "rect25661": {
      "x": -13.0375805,
      "y": 69.6000693
    },
    "rect25661-0-5": {
      "x": -12.958080500000001,
      "y": 68.0038323
    }
  }
}