{
  "widgets": {
    "rect12": {
      "x": 111.76,
      "y": 64.25
    },
    "rect1": {
      "x": 116.651285,
      "y": 96.44826699999999
    },
    "rect1-5": {
      "x": 77.78877,
      "y": 96.382128
    },
    "circle66": {
      "x": 105.018,
      "y": 99.903
    },
    "circle67": {
      "x": 105.018,
      "y": 99.903
    },
    "circle70": {
      "x": 105.018,
      "y": 99.903
    },
    "circle71": {
      "x": 105.018,
      "y": 99.903
    },
    "circle74": {
      "x": 105.018,
      "y": 99.903
    },
    "circle75": {
      "x": 105.018,
      "y": 99.903
    },
    "circle78": {
      "x": 105.018,
      "y": 99.903
    },
    "circle79": {
      "x": 105.018,
      "y": 99.903
    },
    "circle82": {
      "x": 105.018,
      "y": 99.903
    },
    "circle83": {
      "x": 105.018,
      "y": 99.903
    },
    "circle86": {
      "x": 88.303543,
      "y": 147.64133
    },
    "circle87": {
      "x": 88.303543,
      "y": 147.64133
    },
    "circle90": {
      "x": 105.018,
      "y": 99.903
    },
    "circle91": {
      "x": 105.018,
      "y": 99.903
    },
    "circle94": {
      "x": 105.018,
      "y": 99.903
    },
    "circle95": {
      "x": 105.018,
      "y": 99.903
    },
    "circle98": {
      "x": 105.018,
      "y": 99.903
    },
    "circle99": {
      "x": 105.018,
      "y": 99.903
    },
    "circle102": {
      "x": 105.018,
      "y": 99.903
    },
    "circle103": {
      "x": 105.018,
      "y": 99.903
    },
    "circle106": {
      "x": 105.018,
      "y": 99.903
    },
    "circle107": {
      "x": 105.018,
      "y": 99.903
    },
    "circle110": {
      "x": 105.018,
      "y": 99.903
    },
    "circle111": {
      "x": 105.018,
      "y": 99.903
    },
    "circle114": {
      "x": 105.018,
      "y": 99.903
    },
    "circle115": {
      "x": 105.018,
      "y": 99.903
    },
    "circle118": {
      "x": 105.018,
      "y": 99.903
    },
    "circle119": {
      "x": 105.018,
      "y": 99.903
    },
    "circle122": {
      "x": 105.018,
      "y": 99.903
    },
    "circle123": {
      "x": 105.018,
      "y": 99.903
    },
    "circle126": {
      "x": 105.018,
      "y": 99.903
    },
    "circle127": {
      "x": 105.018,
      "y": 99.903
    },
    "circle128": {
      "x": 253.64809,
      "y": 53.173985
    },
    "circle129": {
      "x": 253.64809,
      "y": 53.173985
    },
    "clock_input": {
      "x": 77.788773,
      "y": 83.184212
    },
    "reset_input": {
      "x": 77.788773,
      "y": 101.70504
    },
    "mem_input": {
      "x": 94.154503,
      "y": 83.184212
    },
    "memory_button_1": {
      "x": 107.52157,
      "y": 83.145752
    },
    "memory_button_2": {
      "x": 118.10303,
      "y": 83.145752
    },
    "memory_button_3": {
      "x": 128.68449,
      "y": 83.145752
    },
    "memory_button_4": {
      "x": 139.26596,
      "y": 83.145752
    },
    "memory_button_5": {
      "x": 107.52157,
      "y": 93.854431
    },
    "memory_button_6": {
      "x": 118.10303,
      "y": 93.854431
    },
    "memory_button_7": {
      "x": 128.68449,
      "y": 93.854431
    },
    "memory_button_8": {
      "x": 139.26596,
      "y": 93.854431
    },
    "memory_button_9": {
      "x": 107.52157,
      "y": 104.5631
    },
    "memory_button_10": {
      "x": 118.10303,
      "y": 104.5631
    },
    "memory_button_11": {
      "x": 128.68449,
      "y": 104.5631
    },
    "memory_button_12": {
      "x": 139.26596,
      "y": 104.5631
    },
    "memory_button_13": {
      "x": 107.52157,
      "y": 115.27178
    },
    "memory_button_14": {
      "x": 118.10303,
      "y": 115.27178
    },
    "memory_button_15": {
      "x": 128.68449,
      "y": 115.27178
    },
    "memory_button_16": {
      "x": 139.26596,
      "y": 115.27178
    },
    "copy_button": {
      "x": 94.154503,
      "y": 99.75042
    },
    "paste_button": {
      "x": 94.154503,
      "y": 114.83422
    },
    "screen": {
      "x": 150.76288499999998,
      "y": 49.278582
    }
  }
}