{
  "widgets": {
    "rect350-4": {
      "x": 176.552953,
      "y": 111.419621
    },
    "rect350": {
      "x": 176.552953,
      "y": 114.263887
    },
    "clock_input": {
      "x": 77.788773,
      "y": 83.184212
    },
    "reset_input": {
      "x": 77.788773,
      "y": 101.70504
    },
    "mem_input": {
      "x": 94.154503,
      "y": 83.184212
    },
    "rect1": {
      "x": 116.651285,
      "y": 96.44826699999999
    },
    "rect1-5": {
      "x": 77.78877,
      "y": 96.382128
    },
    "circle67": {
      "x": 105.018,
      "y": 99.903
    },
    "circle71": {
      "x": 105.018,
      "y": 99.903
    },
    "circle75": {
      "x": 105.018,
      "y": 99.903
    },
    "circle79": {
      "x": 105.018,
      "y": 99.903
    },
    "circle83": {
      "x": 105.018,
      "y": 99.903
    },
    "circle87": {
      "x": 105.018,
      "y": 99.903
    },
    "circle91": {
      "x": 105.018,
      "y": 99.903
    },
    "circle95": {
      "x": 105.018,
      "y": 99.903
    },
    "circle99": {
      "x": 105.018,
      "y": 99.903
    },
    "circle103": {
      "x": 105.018,
      "y": 99.903
    },
    "circle107": {
      "x": 105.018,
      "y": 99.903
    },
    "circle111": {
      "x": 105.018,
      "y": 99.903
    },
    "circle115": {
      "x": 105.018,
      "y": 99.903
    },
    "circle119": {
      "x": 105.018,
      "y": 99.903
    },
    "circle123": {
      "x": 105.018,
      "y": 99.903
    },
    "circle127": {
      "x": 105.018,
      "y": 99.903
    },
    "circle128": {
      "x": 189.17844,
      "y": 6.2063069
    },
    "circle129": {
      "x": 189.17844,
      "y": 6.2063069
    },
    "memory_button_1": {
      "x": 107.52157,
      "y": 83.145752
    },
    "memory_button_2": {
      "x": 118.10303,
      "y": 83.145752
    },
    "memory_button_3": {
      "x": 128.68449,
      "y": 83.145752
    },
    "memory_button_4": {
      "x": 139.26596,
      "y": 83.145752
    },
    "memory_button_5": {
      "x": 107.52157,
      "y": 93.854431
    },
    "memory_button_6": {
      "x": 118.10303,
      "y": 93.854431
    },
    "memory_button_7": {
      "x": 128.68449,
      "y": 93.854431
    },
    "memory_button_8": {
      "x": 139.26596,
      "y": 93.854431
    },
    "memory_button_9": {
      "x": 107.52157,
      "y": 104.5631
    },
    "copy_button": {
      "x": 94.154503,
      "y": 99.75042
    },
    "paste_button": {
      "x": 94.154503,
      "y": 114.83422
    },
    "memory_button_10": {
      "x": 118.10303,
      "y": 104.5631
    },
    "memory_button_11": {
      "x": 128.68449,
      "y": 104.5631
    },
    "memory_button_12": {
      "x": 139.26596,
      "y": 104.5631
    },
    "memory_button_13": {
      "x": 107.52157,
      "y": 115.27178
    },
    "memory_button_14": {
      "x": 118.10303,
      "y": 115.27178
    },
    "memory_button_15": {
      "x": 128.68449,
      "y": 115.27178
    },
    "memory_button_16": {
      "x": 139.26596,
      "y": 115.27178
    },
    "step_button_1": {
      "x": 74.722809,
      "y": 135.56519
    },
    "step_button_2": {
      "x": 88.303551,
      "y": 135.56519
    },
    "step_button_3": {
      "x": 101.88429,
      "y": 135.56519
    },
    "step_button_4": {
      "x": 115.46504,
      "y": 135.56519
    },
    "step_button_5": {
      "x": 129.04578,
      "y": 135.56519
    },
    "step_button_6": {
      "x": 142.62653,
      "y": 135.56519
    },
    "step_button_7": {
      "x": 156.20728,
      "y": 135.56519
    },
    "step_button_8": {
      "x": 169.78801,
      "y": 135.56519
    },
    "step_button_9": {
      "x": 183.36876,
      "y": 135.56519
    },
    "step_button_10": {
      "x": 196.94949,
      "y": 135.56519
    },
    "step_button_11": {
      "x": 210.53024,
      "y": 135.56519
    },
    "step_button_12": {
      "x": 224.11099,
      "y": 135.56519
    },
    "step_button_13": {
      "x": 237.69173,
      "y": 135.56519
    },
    "step_button_14": {
      "x": 251.27248,
      "y": 135.56519
    },
    "step_button_15": {
      "x": 264.85321,
      "y": 135.56519
    },
    "step_button_16": {
      "x": 278.43396,
      "y": 135.56519
    },
    "lcd_display": {
      "x": 215.55584,
      "y": 96.44820399999999
    }
  }
}