{
  "widgets": {
    "rect2922": {
      "x": 60.96875,
      "y": 296.9375
    },
    "rect509": {
      "x": 109.4291329,
      "y": 159.7532525
    },
    "rect685": {
      "x": 76.125842,
      "y": -4.174137000000002
    },
    "rect448": {
      "x": 22.122931,
      "y": 31.1495045
    },
    "rect2241": {
      "x": 35.344946,
      "y": 158.4250345
    },
    "rect1463": {
      "x": 48.400039,
      "y": 348.50115550000004
    },
    "rect2657": {
      "x": 208.829485,
      "y": 151.250121
    },
    "rect384": {
      "x": 76.303079,
      "y": 35.5177015
    },
    "rect2657-5": {
      "x": 208.829485,
      "y": 151.250121
    },
    "rect2657-5-5": {
      "x": 208.829485,
      "y": 151.250121
    },
    "rect2657-5-58": {
      "x": 208.829485,
      "y": 151.250121
    },
    "rect2657-5-2": {
      "x": 208.829485,
      "y": 151.250121
    },
    "rect2657-5-2-9": {
      "x": 208.829485,
      "y": 151.250121
    },
    "rect2657-5-2-3": {
      "x": 208.829485,
      "y": 151.250121
    },
    "rect2657-5-2-3-1": {
      "x": 208.829485,
      "y": 151.250121
    },
    "rect2657-5-2-3-2": {
      "x": 208.829485,
      "y": 151.250121
    },
    "rect2657-5-4": {
      "x": 208.829485,
      "y": 151.250121
    },
    "rect2241-5": {
      "x": 35.344946,
      "y": 158.4250345
    },
    "rect448-2": {
      "x": 22.122931,
      "y": 31.1495045
    },
    "rect509-5": {
      "x": 109.4291329,
      "y": 159.7532525
    },
    "rect509-5-0": {
      "x": 109.4291329,
      "y": 159.7532525
    },
    "rect2922-5": {
      "x": 60.96875,
      "y": 296.9375
    },
    "rect350": {
      "x": 57.60000000000001,
      "y": 182.12599
    },
    "rect2": {
      "x": 83.014414,
      "y": -329.6047925
    }
  }
}