{
  "widgets": {
    "rect1": {
      "x": 144.0,
      "y": 182.12598425196853
    },
    "rect3": {
      "x": 204.3441225,
      "y": 451.6641455
    },
    "rect3-9": {
      "x": 204.34412400000002,
      "y": 451.664145
    },
    "rect2": {
      "x": 240.827496,
      "y": -323.78927
    },
    "clk_input": {
      "x": 31.560499,
      "y": 329.73651
    },
    "reset_input": {
      "x": 70.5215,
      "y": 329.73651
    },
    "x_output": {
      "x": 222.61174,
      "y": 329.73651
    },
    "y_output": {
      "x": 259.52542,
      "y": 329.73651
    },
    "retrigger_switch": {
      "x": 122.2795035,
      "y": 329.7365135
    },
    "punch_switch": {
      "x": 165.0025035,
      "y": 329.7365135
    }
  }
}