{
  "widgets": {
    "rect2-5-9-1-4": {
      "x": 159.33424,
      "y": 113.96294
    },
    "rect2-5-9-1-4-6": {
      "x": 62.489187,
      "y": 78.337532
    },
    "rect2-5-9-1-4-6-5": {
      "x": 62.489187,
      "y": 78.337532
    },
    "rect2-5-9-1-4-6-5-0": {
      "x": 62.489187,
      "y": 78.337532
    },
    "rect2-5-9-1-4-6-5-0-4": {
      "x": 62.489187,
      "y": 78.337532
    },
    "rect2-5-9-1-4-6-5-03": {
      "x": 62.489187,
      "y": 78.337532
    },
    "rect2-5-9-1-4-6-5-03-5": {
      "x": 62.489187,
      "y": 78.337532
    },
    "rect2-5-9-1-4-6-5-03-5-0": {
      "x": 62.489187,
      "y": 78.337532
    },
    "rect2-5-9-1-4-6-5-03-5-0-1": {
      "x": 62.489187,
      "y": 78.337532
    },
    "rect2-5-9-1-4-6-5-03-5-0-1-3": {
      "x": 62.489187,
      "y": 78.337532
    },
    "rect2-5-9-1-4-6-5-03-5-0-1-3-3": {
      "x": 62.489187,
      "y": 78.337532
    },
    "rect2-5-9-1-4-7": {
      "x": 159.33424,
      "y": 113.96294
    },
    "rect2-5-9-1-4-7-4": {
      "x": 159.33424,
      "y": 113.96294
    },
    "rect59198-4": {
      "x": 326.75,
      "y": 118.625
    },
    "rect59198-4-0": {
      "x": 326.75,
      "y": 118.625
    },
    "rect2-5-9-1-4-1": {
      "x": 159.33424,
      "y": 113.96294
    },
    "rect2-5-9-1-4-1-4": {
      "x": 159.33424,
      "y": 113.96294
    },
    "rect2-5-9-1-4-1-4-6": {
      "x": 159.33424,
      "y": 113.96294
    },
    "rect2-5-9-1-4-1-4-6-9": {
      "x": 159.33424,
      "y": 113.96294
    },
    "rect1-9-1": {
      "x": 48.09375,
      "y": 121.4375
    },
    "rect350": {
      "x": 374.45534396700003,
      "y": 182.12599
    },
    "rect2-2": {
      "x": 649.65996,
      "y": -181.676475
    },
    "marker_output_2": {
      "x": 629.01355,
      "y": 43.004044
    },
    "marker_output_6": {
      "x": 629.01355,
      "y": 82.799713
    },
    "marker_output_10": {
      "x": 629.01355,
      "y": 122.59538
    },
    "marker_output_14": {
      "x": 629.01355,
      "y": 162.39105
    },
    "marker_output_18": {
      "x": 629.01355,
      "y": 202.18672
    },
    "marker_output_22": {
      "x": 629.01355,
      "y": 241.98239
    },
    "marker_output_26": {
      "x": 629.01355,
      "y": 281.77805
    },
    "marker_output_30": {
      "x": 629.01355,
      "y": 321.57373
    },
    "marker_output_1": {
      "x": 589.2627,
      "y": 43.004044
    },
    "marker_selector_1": {
      "x": 574.70569,
      "y": 27.892841
    },
    "marker_selector_2": {
      "x": 614.53467,
      "y": 27.892841
    },
    "marker_selector_3": {
      "x": 654.36371,
      "y": 27.892841
    },
    "marker_selector_4": {
      "x": 694.19269,
      "y": 27.892841
    },
    "marker_selector_5": {
      "x": 574.70569,
      "y": 68.392845
    },
    "marker_selector_6": {
      "x": 614.53467,
      "y": 68.392845
    },
    "marker_selector_7": {
      "x": 654.36371,
      "y": 68.392845
    },
    "marker_selector_8": {
      "x": 694.19269,
      "y": 68.392845
    },
    "marker_selector_9": {
      "x": 574.70569,
      "y": 108.14417
    },
    "marker_selector_10": {
      "x": 614.53467,
      "y": 108.14417
    },
    "marker_selector_11": {
      "x": 654.36371,
      "y": 108.14417
    },
    "marker_selector_12": {
      "x": 694.19269,
      "y": 108.14417
    },
    "marker_selector_13": {
      "x": 574.70569,
      "y": 148.64418
    },
    "marker_selector_14": {
      "x": 614.53467,
      "y": 148.64418
    },
    "marker_selector_15": {
      "x": 654.36371,
      "y": 148.64418
    },
    "marker_selector_16": {
      "x": 694.19269,
      "y": 148.64418
    },
    "marker_selector_17": {
      "x": 574.70569,
      "y": 189.14418
    },
    "marker_selector_18": {
      "x": 614.53467,
      "y": 189.14418
    },
    "marker_selector_19": {
      "x": 654.36371,
      "y": 189.14418
    },
    "marker_selector_20": {
      "x": 694.19269,
      "y": 189.14418
    },
    "marker_selector_21": {
      "x": 574.70569,
      "y": 228.14418
    },
    "marker_selector_22": {
      "x": 614.53467,
      "y": 228.14418
    },
    "marker_selector_23": {
      "x": 654.36371,
      "y": 228.14418
    },
    "marker_selector_24": {
      "x": 694.19269,
      "y": 228.14418
    },
    "marker_selector_25": {
      "x": 574.70569,
      "y": 268.6442
    },
    "marker_selector_26": {
      "x": 614.53467,
      "y": 268.6442
    },
    "marker_selector_27": {
      "x": 654.36371,
      "y": 268.6442
    },
    "marker_selector_28": {
      "x": 694.19269,
      "y": 268.6442
    },
    "marker_selector_29": {
      "x": 574.70569,
      "y": 307.6442
    },
    "marker_selector_30": {
      "x": 614.53467,
      "y": 307.6442
    },
    "marker_selector_31": {
      "x": 654.36371,
      "y": 307.6442
    },
    "marker_selector_32": {
      "x": 694.19269,
      "y": 307.6442
    },
    "marker_output_5": {
      "x": 589.2627,
      "y": 82.799713
    },
    "marker_output_9": {
      "x": 589.2627,
      "y": 122.59538
    },
    "marker_output_13": {
      "x": 589.2627,
      "y": 162.39105
    },
    "marker_output_17": {
      "x": 589.2627,
      "y": 202.18672
    },
    "marker_output_21": {
      "x": 589.2627,
      "y": 241.98239
    },
    "marker_output_25": {
      "x": 589.2627,
      "y": 281.77805
    },
    "marker_output_29": {
      "x": 589.2627,
      "y": 321.57373
    },
    "marker_output_4": {
      "x": 708.51532,
      "y": 43.004044
    },
    "marker_output_8": {
      "x": 708.51532,
      "y": 82.799713
    },
    "marker_output_12": {
      "x": 708.51532,
      "y": 122.59538
    },
    "marker_output_16": {
      "x": 708.51532,
      "y": 162.39105
    },
    "marker_output_20": {
      "x": 708.51532,
      "y": 202.18672
    },
    "marker_output_24": {
      "x": 708.51532,
      "y": 241.98239
    },
    "marker_output_28": {
      "x": 708.51532,
      "y": 281.77805
    },
    "marker_output_32": {
      "x": 708.51532,
      "y": 321.57373
    },
    "marker_output_3": {
      "x": 668.76447,
      "y": 43.004044
    },
    "marker_output_7": {
      "x": 668.76447,
      "y": 82.799713
    },
    "marker_output_11": {
      "x": 668.76447,
      "y": 122.59538
    },
    "marker_output_15": {
      "x": 668.76447,
      "y": 162.39105
    },
    "marker_output_19": {
      "x": 668.76447,
      "y": 202.18672
    },
    "marker_output_23": {
      "x": 668.76447,
      "y": 241.98239
    },
    "marker_output_27": {
      "x": 668.76447,
      "y": 281.77805
    },
    "marker_output_31": {
      "x": 668.76447,
      "y": 321.57373
    },
    "start_input": {
      "x": 27.063377,
      "y": 97.344292
    },
    "start_button": {
      "x": 57.459724,
      "y": 97.344292
    },
    "stop_button": {
      "x": 57.459724,
      "y": 121.02598
    },
    "stop_input": {
      "x": 27.063377,
      "y": 121.02598
    },
    "reset_button": {
      "x": 57.459724,
      "y": 172.47021
    },
    "reset_input": {
      "x": 27.063377,
      "y": 172.47021
    },
    "rect2-2-9": {
      "x": 36.500035999999994,
      "y": -293.902315
    },
    "left_output": {
      "x": 35.894348,
      "y": 288.69901
    },
    "right_output": {
      "x": 35.894348,
      "y": 326.94263
    }
  }
}