{
  "widgets": {
    "rect2-5-9-1-4": {
      "x": 159.33424,
      "y": 113.96294
    },
    "rect2-5-9-1-4-6": {
      "x": 62.489187,
      "y": 78.337532
    },
    "rect2-5-9-1-4-6-5": {
      "x": 62.489187,
      "y": 78.337532
    },
    "rect2-5-9-1-4-6-5-0": {
      "x": 62.489187,
      "y": 78.337532
    },
    "rect2-5-9-1-4-6-5-0-4": {
      "x": 62.489187,
      "y": 78.337532
    },
    "rect2-5-9-1-4-6-5-03": {
      "x": 62.489187,
      "y": 78.337532
    },
    "rect2-5-9-1-4-6-5-03-5": {
      "x": 62.489187,
      "y": 78.337532
    },
    "rect2-5-9-1-4-6-5-03-5-0": {
      "x": 62.489187,
      "y": 78.337532
    },
    "rect2-5-9-1-4-6-5-03-5-0-1": {
      "x": 62.489187,
      "y": 78.337532
    },
    "rect2-5-9-1-4-6-5-03-5-0-1-3": {
      "x": 62.489187,
      "y": 78.337532
    },
    "rect2-5-9-1-4-6-5-03-5-0-1-3-3": {
      "x": 62.489187,
      "y": 78.337532
    },
    "rect2-5-9-1-4-7": {
      "x": 159.33424,
      "y": 113.96294
    },
    "rect2-5-9-1-4-7-4": {
      "x": 159.33424,
      "y": 113.96294
    },
    "rect59198-4": {
      "x": 326.75,
      "y": 118.625
    },
    "rect59198-4-0": {
      "x": 326.75,
      "y": 118.625
    },
    "rect2-5-9-1-4-1": {
      "x": 159.33424,
      "y": 113.96294
    },
    "rect2-5-9-1-4-1-4": {
      "x": 159.33424,
      "y": 113.96294
    },
    "rect2-5-9-1-4-1-4-6": {
      "x": 159.33424,
      "y": 113.96294
    },
    "rect2-5-9-1-4-1-4-6-9": {
      "x": 159.33424,
      "y": 113.96294
    },
    "rect1-9-1": {
      "x": 48.09375,
      "y": 121.4375
    },
    "rect1-9-1-3": {
      "x": 48.09375,
      "y": 121.4375
    },
    "rect350": {
      "x": 374.45534396700003,
      "y": 182.12599
    },
    "rect2-2": {
      "x": 649.65996,
      "y": -181.676475
    },
    "rect2-2-9": {
      "x": 36.500035999999994,
      "y": -293.902315
    }
  }
}