{
  "widgets": {
    "rect936": {
      "x": 171.77194799999998,
      "y": 111.443769
    }
  }
}