{
  "widgets": {
    "rect1": {
      "x": 43.2,
      "y": 182.12598425196853
    },
    "rect2241": {
      "x": 35.3449455,
      "y": 158.425044
    },
    "rect1463": {
      "x": 48.4000386,
      "y": 348.501146
    },
    "rect2657": {
      "x": 208.82948,
      "y": 151.25012
    },
    "rect384": {
      "x": 76.30308,
      "y": 35.517701
    },
    "rect2657-5": {
      "x": 208.829485,
      "y": 151.250121
    },
    "rect2657-5-5": {
      "x": 208.829485,
      "y": 151.250121
    },
    "rect2657-5-58": {
      "x": 208.829485,
      "y": 151.250121
    },
    "rect2657-5-2": {
      "x": 208.829485,
      "y": 151.250121
    },
    "rect2657-5-2-9": {
      "x": 208.829485,
      "y": 151.250121
    },
    "rect2657-5-2-3": {
      "x": 208.829485,
      "y": 151.250121
    },
    "rect2657-5-2-3-1": {
      "x": 208.829485,
      "y": 151.250121
    },
    "rect2657-5-2-3-2": {
      "x": 208.829485,
      "y": 151.250121
    },
    "rect2657-5-4": {
      "x": 208.829485,
      "y": 151.250121
    },
    "rect2241-5": {
      "x": 35.344946,
      "y": 158.4250345
    },
    "rect2": {
      "x": 43.2000024,
      "y": -321.05854400000004
    },
    "clock_input": {
      "x": 24.032127,
      "y": 60.836502
    },
    "reset_input": {
      "x": 62.367878,
      "y": 60.836166
    },
    "eol_output": {
      "x": 24.032127,
      "y": 328.57797
    },
    "output": {
      "x": 62.367878,
      "y": 328.57895
    },
    "rect925": {
      "x": 42.3589565,
      "y": 113.330457
    },
    "prev_input": {
      "x": 24.033001,
      "y": 151.05618
    },
    "next_input": {
      "x": 62.367001,
      "y": 151.05618
    },
    "zero_input": {
      "x": 24.032125,
      "y": 224.12976
    },
    "cv_input": {
      "x": 62.367878,
      "y": 224.1311
    },
    "zero_button": {
      "x": 24.032125,
      "y": 252.51971
    },
    "prev_button": {
      "x": 24.032127,
      "y": 179.66901
    },
    "next_button": {
      "x": 62.367882,
      "y": 179.66837
    },
    "cv_attn_knob": {
      "x": 62.367878,
      "y": 252.5247
    }
  }
}