{
  "widgets": {
    "rect350": {
      "x": 122.455328963,
      "y": 182.12599
    },
    "rect36": {
      "x": 165.09601000499998,
      "y": 8.481
    },
    "rect38": {
      "x": 174.314500015,
      "y": 8.58349991
    },
    "rect40": {
      "x": 173.047500015,
      "y": 8.58349991
    },
    "rect42": {
      "x": 174.314500015,
      "y": 7.647500115
    },
    "rect46": {
      "x": 173.047500015,
      "y": 7.647500115
    },
    "rect2": {
      "x": 214.4361895,
      "y": 228.38493
    },
    "clock_input": {
      "x": 214.5145,
      "y": 40.1175
    },
    "reset_input": {
      "x": 214.5145,
      "y": 88.799004
    },
    "output_1": {
      "x": 214.43619,
      "y": 127.52063
    },
    "output_2": {
      "x": 214.43619,
      "y": 156.36296
    },
    "output_3": {
      "x": 214.43619,
      "y": 185.20528
    },
    "output_4": {
      "x": 214.43619,
      "y": 214.04761
    },
    "output_5": {
      "x": 214.43619,
      "y": 242.88992
    },
    "output_6": {
      "x": 214.43619,
      "y": 271.73224
    },
    "output_7": {
      "x": 214.43619,
      "y": 300.57458
    },
    "output_8": {
      "x": 214.43619,
      "y": 329.4169
    }
  }
}