{
  "widgets": {
    "rect2188": {
      "x": 187.199995,
      "y": 182.12599
    }
  }
}