{
  "widgets": {
    "rect2188": {
      "x": 187.19999499999997,
      "y": 182.12599
    },
    "step_input": {
      "x": 31.6465,
      "y": 320.16751
    },
    "reset_input": {
      "x": 70.189499,
      "y": 320.16751
    },
    "gate_output_1": {
      "x": 159.377,
      "y": 339.73126
    },
    "gate_output_2": {
      "x": 186.42868,
      "y": 339.73126
    },
    "gate_output_3": {
      "x": 212.89334,
      "y": 339.73126
    },
    "gate_output_4": {
      "x": 239.13817,
      "y": 339.73126
    },
    "gate_output_5": {
      "x": 266.0192,
      "y": 339.73126
    },
    "gate_output_6": {
      "x": 291.96146,
      "y": 339.73126
    },
    "gate_output_7": {
      "x": 319.15543,
      "y": 339.73126
    },
    "gate_output_8": {
      "x": 345.50699,
      "y": 339.73126
    },
    "trigger_group_button_1": {
      "x": 159.377,
      "y": 310.04565
    },
    "trigger_group_button_2": {
      "x": 185.967,
      "y": 310.04565
    },
    "trigger_group_button_3": {
      "x": 212.55699,
      "y": 310.04565
    },
    "trigger_group_button_4": {
      "x": 239.14699,
      "y": 310.04565
    },
    "trigger_group_button_5": {
      "x": 265.737,
      "y": 310.04565
    },
    "trigger_group_button_6": {
      "x": 292.327,
      "y": 310.04565
    },
    "trigger_group_button_7": {
      "x": 318.91699,
      "y": 310.04565
    },
    "trigger_group_button_8": {
      "x": 345.50699,
      "y": 310.04565
    },
    "length_knob": {
      "x": 108.255,
      "y": 319.72684
    }
  }
}