{
  "widgets": {
    "rect350": {
      "x": 57.6,
      "y": 182.12598999999997
    },
    "wav_knob": {
      "x": 57.617931,
      "y": 80.129318
    },
    "wav_attn_knob": {
      "x": 31.404501,
      "y": 130.7193
    },
    "wav_input": {
      "x": 82.958504,
      "y": 130.722
    },
    "clock_input": {
      "x": 82.958504,
      "y": 130.722
    },
    "sequence_input": {
      "x": 31.968742,
      "y": 240.90372
    },
    "ratchet_input": {
      "x": 83.431732,
      "y": 240.90372
    },
    "reset_input": {
      "x": 82.958504,
      "y": 130.722
    },
    "rect2": {
      "x": 88.901499,
      "y": -315.471994
    },
    "circle38": {
      "x": 69.740631,
      "y": 106.60995
    },
    "reverse_input": {
      "x": 31.968742,
      "y": 291.45111
    },
    "audio_output_left": {
      "x": 88.901497,
      "y": 291.61578
    },
    "audio_output_right": {
      "x": 88.901497,
      "y": 339.16104
    }
  }
}