{
  "widgets": {
    "rect1": {
      "x": 144.0,
      "y": 182.12598425196853
    },
    "circle148": {
      "x": 259.327,
      "y": 248.453
    },
    "circle278": {
      "x": 258.89999,
      "y": 75.072998
    },
    "wav_input": {
      "x": 259.29349,
      "y": 93.528503
    },
    "trig_input": {
      "x": 172.70551,
      "y": 154.548
    },
    "pitch_input": {
      "x": 172.70551,
      "y": 230.9735
    },
    "volume_input": {
      "x": 216.23151,
      "y": 231.10608
    },
    "poly_wav_output": {
      "x": 259.29349,
      "y": 231.10608
    },
    "next_input": {
      "x": 216.23151,
      "y": 154.548
    },
    "prev_input": {
      "x": 259.29349,
      "y": 154.384
    },
    "wav_attn_knob": {
      "x": 259.08945,
      "y": 58.215511
    },
    "wav_knob": {
      "x": 194.60042,
      "y": 75.072998
    },
    "rect2-2": {
      "x": 238.284036,
      "y": -329.6057125
    },
    "left_wav_output": {
      "x": 216.4095,
      "y": 335.92142
    },
    "right_wav_output": {
      "x": 259.60251,
      "y": 335.92142
    },
    "loop_switch": {
      "x": 166.6929935,
      "y": 335.9214235
    },
    "trig_button": {
      "x": 172.7055135,
      "y": 184.09677349999998
    },
    "next_button": {
      "x": 216.2315135,
      "y": 184.09677349999998
    },
    "prev_button": {
      "x": 259.2934935,
      "y": 184.09677349999998
    }
  }
}