{
  "widgets": {
    "rect1": {
      "x": 280.88668766,
      "y": 182.097090779
    },
    "rect4769": {
      "x": 158.3966135,
      "y": 17.0382388
    },
    "rect8528": {
      "x": 86.3168795,
      "y": 161.785471
    },
    "rect472": {
      "x": 16.689667,
      "y": 154.69235450000002
    },
    "rect10300": {
      "x": 101.847549,
      "y": 33.043857
    },
    "rect3508": {
      "x": 426.103476,
      "y": 361.5647165
    },
    "rect1195": {
      "x": 462.955741,
      "y": 334.9668555
    },
    "rect1105": {
      "x": 469.63163499999996,
      "y": 352.777877
    },
    "rect10300-4": {
      "x": 101.847549,
      "y": 33.043857
    },
    "rect10300-8": {
      "x": 101.847549,
      "y": 33.043857
    },
    "rect10300-4-8": {
      "x": 101.847549,
      "y": 33.043857
    },
    "rect472-3": {
      "x": 16.689667,
      "y": 154.69235450000002
    },
    "rect12825": {
      "x": 70.6034858,
      "y": 62.301213000000004
    },
    "rect12825-2": {
      "x": 70.6034858,
      "y": 227.577776
    },
    "rect2341": {
      "x": 215.540233075,
      "y": 26.238917999999998
    },
    "rect2341-3": {
      "x": 279.406833075,
      "y": 26.238917999999998
    },
    "rect2341-3-8": {
      "x": 343.273433075,
      "y": 26.238917999999998
    },
    "rect2341-3-8-6": {
      "x": 407.140013075,
      "y": 26.238917999999998
    },
    "rect2341-3-8-6-2": {
      "x": 471.006623075,
      "y": 26.238917999999998
    },
    "clock_input": {
      "x": 28.852077,
      "y": 68.743134
    },
    "reset_input": {
      "x": 70.47226,
      "y": 68.840919
    },
    "ratchet_input": {
      "x": 112.25484,
      "y": 68.819954
    },
    "memory_select_input": {
      "x": 34.147068,
      "y": 136.07082
    },
    "left_individual_output_0": {
      "x": 171.77928,
      "y": 302.91507
    },
    "right_individual_output_0": {
      "x": 171.77893,
      "y": 340.16348
    },
    "left_individual_output_1": {
      "x": 213.59302,
      "y": 302.91507
    },
    "right_individual_output_1": {
      "x": 213.59267,
      "y": 340.16348
    },
    "left_individual_output_2": {
      "x": 255.40659,
      "y": 302.91507
    },
    "right_individual_output_2": {
      "x": 255.40622,
      "y": 340.16348
    },
    "left_individual_output_3": {
      "x": 297.22015,
      "y": 302.91507
    },
    "right_individual_output_3": {
      "x": 297.21979,
      "y": 340.16348
    },
    "left_individual_output_4": {
      "x": 339.03372,
      "y": 302.91507
    },
    "right_individual_output_4": {
      "x": 339.03336,
      "y": 340.16348
    },
    "left_individual_output_5": {
      "x": 380.84729,
      "y": 302.91507
    },
    "right_individual_output_5": {
      "x": 380.84692,
      "y": 340.16348
    },
    "left_individual_output_7": {
      "x": 464.47217,
      "y": 302.91486
    },
    "right_individual_output_7": {
      "x": 464.4718,
      "y": 340.16357
    },
    "audio_output_left": {
      "x": 508.80359,
      "y": 302.91486
    },
    "audio_output_right": {
      "x": 508.80322,
      "y": 340.16357
    },
    "left_individual_output_6": {
      "x": 422.6601,
      "y": 302.91507
    },
    "right_individual_output_6": {
      "x": 422.65973,
      "y": 340.16348
    },
    "sample_cv_input": {
      "x": 232.78842,
      "y": 26.238918
    },
    "sample_cv_output": {
      "x": 262.15863,
      "y": 26.239267
    },
    "volume_cv_input": {
      "x": 296.68564,
      "y": 26.239267
    },
    "volume_cv_output": {
      "x": 326.05585,
      "y": 26.239616
    },
    "pan_cv_input": {
      "x": 296.68564,
      "y": 26.239267
    },
    "pan_cv_output": {
      "x": 326.05585,
      "y": 26.239616
    },
    "reverse_cv_input": {
      "x": 424.11929,
      "y": 26.104755
    },
    "reverse_cv_output": {
      "x": 453.4895,
      "y": 26.105104
    },
    "ratchet_cv_input": {
      "x": 424.11929,
      "y": 26.104755
    },
    "ratchet_cv_output": {
      "x": 453.4895,
      "y": 26.105104
    },
    "position_cv_input": {
      "x": 168.85913,
      "y": 26.101948
    },
    "position_cv_output": {
      "x": 198.22932,
      "y": 26.102299
    },
    "copy_button": {
      "x": 34.147068,
      "y": 187.44553
    },
    "clear_button": {
      "x": 34.147068,
      "y": 228.76889
    },
    "memory_button_0": {
      "x": 74.8619205,
      "y": 122.4361835
    },
    "memory_button_8": {
      "x": 105.0312475,
      "y": 122.4361835
    },
    "memory_button_1": {
      "x": 74.88230250000001,
      "y": 150.9925935
    },
    "memory_button_9": {
      "x": 105.05163350000001,
      "y": 150.9925935
    },
    "memory_button_2": {
      "x": 74.4163715,
      "y": 179.5490035
    },
    "memory_button_10": {
      "x": 104.58570549999999,
      "y": 179.5490035
    },
    "memory_button_3": {
      "x": 73.8993385,
      "y": 208.1053935
    },
    "memory_button_11": {
      "x": 104.0686775,
      "y": 208.1053935
    },
    "memory_button_4": {
      "x": 73.9153795,
      "y": 236.6618135
    },
    "memory_button_12": {
      "x": 104.08471449999999,
      "y": 236.6618135
    },
    "memory_button_5": {
      "x": 73.8504115,
      "y": 265.2182235
    },
    "memory_button_13": {
      "x": 104.0197425,
      "y": 265.2182235
    },
    "memory_button_6": {
      "x": 73.9482705,
      "y": 293.7746335
    },
    "memory_button_14": {
      "x": 104.11759649999999,
      "y": 293.7746335
    },
    "memory_button_7": {
      "x": 73.9110275,
      "y": 322.33103350000005
    },
    "memory_button_15": {
      "x": 104.08035749999999,
      "y": 322.33103350000005
    }
  }
}