{
  "widgets": {
    "rect4": {
      "x": 43.2,
      "y": 182.12598425196853
    },
    "rect5": {
      "x": 147.564346,
      "y": 56.789514499999996
    },
    "rect3": {
      "x": 46.1387175,
      "y": 419.3143255
    },
    "effect_input": {
      "x": 21.086002,
      "y": 48.864178
    },
    "buffer_size_input": {
      "x": 21.086002,
      "y": 97.638969
    },
    "feedback_input": {
      "x": 21.086002,
      "y": 146.38451
    },
    "param_1_input": {
      "x": 21.086002,
      "y": 195.17183
    },
    "param_2_input": {
      "x": 21.086002,
      "y": 243.90128
    },
    "effect_knob": {
      "x": 63.821186,
      "y": 48.86417
    },
    "buffer_size_knob": {
      "x": 63.821186,
      "y": 97.638969
    },
    "feedback_knob": {
      "x": 63.821186,
      "y": 146.38451
    },
    "param1_knob": {
      "x": 63.821186,
      "y": 194.87836
    },
    "param2_knob": {
      "x": 63.821186,
      "y": 244.1093
    },
    "rect2": {
      "x": 61.591561999999996,
      "y": -315.471994
    }
  }
}