{
  "widgets": {
    "rect370": {
      "x": 622.0362245,
      "y": 334.94086250000004
    },
    "rect350": {
      "x": 367.20001,
      "y": 182.12599
    },
    "rect2": {
      "x": 693.3416100000001,
      "y": -335.20678999999996
    },
    "rect2-5": {
      "x": 266.045625,
      "y": -335.98974999999996
    },
    "output_0": {
      "x": 37.526505,
      "y": 335.98975
    },
    "output_1": {
      "x": 67.995735,
      "y": 335.98975
    },
    "output_2": {
      "x": 98.464966,
      "y": 335.98975
    },
    "output_3": {
      "x": 128.9342,
      "y": 335.98975
    },
    "output_4": {
      "x": 159.40343,
      "y": 335.98975
    },
    "output_5": {
      "x": 189.87267,
      "y": 335.98975
    },
    "output_6": {
      "x": 220.34189,
      "y": 335.98975
    },
    "output_7": {
      "x": 250.81113,
      "y": 335.98975
    },
    "output_8": {
      "x": 281.28036,
      "y": 335.98975
    },
    "output_9": {
      "x": 311.74957,
      "y": 335.98975
    },
    "output_10": {
      "x": 342.21881,
      "y": 335.98975
    },
    "output_11": {
      "x": 372.68805,
      "y": 335.98975
    },
    "output_12": {
      "x": 403.15729,
      "y": 335.98975
    },
    "output_13": {
      "x": 433.6265,
      "y": 335.98975
    },
    "output_14": {
      "x": 464.09573,
      "y": 335.98975
    },
    "output_15": {
      "x": 494.56497,
      "y": 335.98975
    },
    "bank_cv_input": {
      "x": 550.96051,
      "y": 48.869499
    },
    "bank_reset_input": {
      "x": 597.8855,
      "y": 48.869499
    },
    "bank_prev_input": {
      "x": 645.44348,
      "y": 48.869499
    },
    "bank_prev_button": {
      "x": 645.44348,
      "y": 81.889999
    },
    "bank_next_button": {
      "x": 692.88348,
      "y": 81.889999
    },
    "bank_next_input": {
      "x": 692.88348,
      "y": 48.869499
    },
    "poly_add_input": {
      "x": 692.88348,
      "y": 280.56201
    },
    "poly_output": {
      "x": 693.34161,
      "y": 335.20679
    },
    "copy_button": {
      "x": 551.3105235,
      "y": 280.5619835
    },
    "clear_button": {
      "x": 598.1164935,
      "y": 280.5617735
    },
    "randomize_button": {
      "x": 645.8050235000001,
      "y": 280.5617735
    }
  }
}