{
  "widgets": {
    "rect424": {
      "x": 661.1581100000001,
      "y": 342.948667
    },
    "rect350": {
      "x": 367.20001,
      "y": 182.12599
    },
    "rect2": {
      "x": 693.3416100000001,
      "y": -335.20678999999996
    }
  }
}