{
  "widgets": {
    "rect1": {
      "x": 43.2,
      "y": 182.12598425196853
    },
    "rect2": {
      "x": 42.7572681,
      "y": -297.04019
    },
    "rect2241": {
      "x": 35.3449455,
      "y": 158.425044
    },
    "rect1463": {
      "x": 48.4000386,
      "y": 348.501146
    },
    "rect2657": {
      "x": 208.82948,
      "y": 151.25012
    },
    "rect384": {
      "x": 76.30308,
      "y": 35.517701
    },
    "rect2657-5": {
      "x": 208.829485,
      "y": 151.250121
    },
    "rect2657-5-5": {
      "x": 208.829485,
      "y": 151.250121
    },
    "rect2657-5-58": {
      "x": 208.829485,
      "y": 151.250121
    },
    "rect2657-5-2": {
      "x": 208.829485,
      "y": 151.250121
    },
    "rect2657-5-2-9": {
      "x": 208.829485,
      "y": 151.250121
    },
    "rect2657-5-2-3": {
      "x": 208.829485,
      "y": 151.250121
    },
    "rect2657-5-2-3-1": {
      "x": 208.829485,
      "y": 151.250121
    },
    "rect2657-5-2-3-2": {
      "x": 208.829485,
      "y": 151.250121
    },
    "rect2657-5-4": {
      "x": 208.829485,
      "y": 151.250121
    },
    "rect2241-5": {
      "x": 35.344946,
      "y": 158.4250345
    },
    "rect1-9": {
      "x": 48.09375,
      "y": 121.4375
    },
    "rect1-9-1": {
      "x": 48.09375,
      "y": 121.4375
    },
    "rect1-9-1-0": {
      "x": 48.09375,
      "y": 121.4375
    },
    "rect2-5-9-1": {
      "x": 159.33424,
      "y": 113.96294
    },
    "rect2-5-9-1-8": {
      "x": 159.33424,
      "y": 113.96294
    },
    "rect2-5-9-1-8-7": {
      "x": 159.33424,
      "y": 113.96294
    },
    "rect2-5-9-1-2": {
      "x": 159.33424,
      "y": 113.96294
    },
    "rect2-5-9-1-6": {
      "x": 159.33424,
      "y": 113.96294
    },
    "rect2-5-9-1-2-2": {
      "x": 159.33424,
      "y": 113.96294
    },
    "rect2-5-9-1-2-27": {
      "x": 159.33424,
      "y": 113.96294
    },
    "rect2-5-9-1-4": {
      "x": 159.33424,
      "y": 113.96294
    },
    "rect2-5-9-1-4-3": {
      "x": 159.33424,
      "y": 113.96294
    },
    "rect2-5-9-1-4-30": {
      "x": 159.33424,
      "y": 113.96294
    },
    "rect2-5-9-1-4-8": {
      "x": 159.33424,
      "y": 113.96294
    },
    "rect2-5-9-1-4-8-6": {
      "x": 159.33424,
      "y": 113.96294
    },
    "rect1-9-6": {
      "x": 48.09375,
      "y": 121.4375
    }
  }
}